time,x,y,yaw,target_x,target_y,lookahead,curvature,cross_track_error,heading_error,steering_cmd,speed_cmd,battery_voltage,mission_state
0.0,0.0,0.0,0.46553,0.40563,0.19516,0.45,0.01302,0.0,0.0,0.03739,0.79349,7.4,LANE_FOLLOW
0.02,0.00167,0.00084,0.46542,0.45155,0.21499,0.46867,0.01302,0.0,-0.00011,0.06644,0.79349,7.4,LANE_FOLLOW
0.04,0.00481,0.00242,0.4652,0.45155,0.21499,0.48285,0.01302,-0.0,-0.00033,0.08964,0.79349,7.4,LANE_FOLLOW
0.06,0.00925,0.00464,0.46488,0.45155,0.21499,0.48293,0.01302,-0.0,-0.00065,0.10817,0.79349,7.4,LANE_FOLLOW
0.08,0.01484,0.00745,0.46448,0.45155,0.21499,0.48563,0.01302,-1e-05,-0.00105,0.12293,0.79349,7.4,LANE_FOLLOW
0.1,0.02144,0.01075,0.464,0.45155,0.21499,0.48987,0.01302,-1e-05,-0.00153,0.13467,0.79349,7.4,LANE_FOLLOW
0.12,0.02893,0.0145,0.46346,0.49774,0.23418,0.49235,0.02559,-5e-05,-0.00077,0.14303,0.78721,7.4,LANE_FOLLOW
0.14,0.0372,0.01864,0.46278,0.49774,0.23418,0.49575,0.02559,-6e-05,-0.00145,0.14963,0.78721,7.4,LANE_FOLLOW
0.16,0.04616,0.02311,0.46204,0.49774,0.23418,0.49972,0.02559,-7e-05,-0.00219,0.15481,0.78721,7.4,LANE_FOLLOW
0.18,0.05573,0.02787,0.46124,0.54421,0.2527,0.50389,0.02559,-9e-05,-0.00298,0.15782,0.78721,7.4,LANE_FOLLOW
0.2,0.06583,0.03289,0.4603,0.54421,0.2527,0.50804,0.02559,-0.00013,-0.00392,0.16011,0.78721,7.4,LANE_FOLLOW
0.22,0.07641,0.03814,0.45931,0.59097,0.27046,0.50952,0.05031,-0.00021,-0.00241,0.16075,0.77484,7.4,LANE_FOLLOW
0.24,0.08738,0.04356,0.45816,0.59097,0.27046,0.51123,0.05031,-0.00024,-0.00355,0.16112,0.77484,7.4,LANE_FOLLOW
0.26,0.0987,0.04915,0.45697,0.59097,0.27046,0.51321,0.05031,-0.00029,-0.00474,0.16127,0.77484,7.4,LANE_FOLLOW
0.28,0.11033,0.05486,0.45573,0.59097,0.27046,0.5153,0.05031,-0.00035,-0.00599,0.16123,0.77484,7.4,LANE_FOLLOW
0.3,0.12224,0.0607,0.45444,0.63803,0.2874,0.51514,0.07538,-0.00048,-0.00353,0.15986,0.76231,7.4,LANE_FOLLOW
0.32,0.13436,0.06662,0.45299,0.63803,0.2874,0.51528,0.07538,-0.00052,-0.00498,0.15858,0.76231,7.4,LANE_FOLLOW
0.34,0.14668,0.07262,0.4515,0.63803,0.2874,0.51581,0.07538,-0.00059,-0.00647,0.15737,0.76231,7.4,LANE_FOLLOW
0.36,0.15917,0.07868,0.44997,0.68541,0.30344,0.51473,0.10276,-0.0008,-0.00291,0.15496,0.74862,7.4,LANE_FOLLOW
0.38,0.17178,0.08477,0.44827,0.68541,0.30344,0.51398,0.10276,-0.00084,-0.00461,0.15283,0.74862,7.4,LANE_FOLLOW
0.4,0.18451,0.09089,0.44654,0.68541,0.30344,0.51369,0.10276,-0.0009,-0.00634,0.1509,0.74862,7.4,LANE_FOLLOW
0.42,0.19734,0.09703,0.44476,0.68541,0.30344,0.5137,0.10276,-0.00099,-0.00811,0.14914,0.74862,7.4,LANE_FOLLOW
0.44,0.21026,0.10319,0.44296,0.73311,0.31851,0.51224,0.13015,-0.00122,-0.00329,0.14614,0.73493,7.4,LANE_FOLLOW
0.46,0.22323,0.10934,0.44097,0.73311,0.31851,0.51107,0.13015,-0.00126,-0.00528,0.14349,0.73493,7.4,LANE_FOLLOW
0.48,0.23625,0.11549,0.43894,0.73311,0.31851,0.51032,0.13015,-0.00134,-0.00731,0.14112,0.73493,7.4,LANE_FOLLOW
0.5,0.24931,0.12162,0.43689,0.78112,0.33253,0.50842,0.15485,-0.00162,-0.00168,0.13755,0.72257,7.4,LANE_FOLLOW
0.52,0.26239,0.12773,0.43464,0.78112,0.33253,0.50686,0.15485,-0.00164,-0.00392,0.13442,0.72257,7.4,LANE_FOLLOW
0.54,0.27549,0.13381,0.43237,0.78112,0.33253,0.50577,0.15485,-0.0017,-0.0062,0.13164,0.72257,7.4,LANE_FOLLOW
0.56,0.2886,0.13986,0.43006,0.78112,0.33253,0.50502,0.15485,-0.00179,-0.0085,0.12911,0.72257,7.4,LANE_FOLLOW
0.58,0.30172,0.14588,0.42772,0.82945,0.34542,0.50336,0.17986,-0.00205,-0.00186,0.1253,0.71007,7.4,LANE_FOLLOW
0.6,0.31484,0.15186,0.42519,0.82945,0.34542,0.5019,0.17986,-0.00207,-0.00439,0.12193,0.71007,7.4,LANE_FOLLOW
0.62,0.32794,0.15779,0.42262,0.82945,0.34542,0.50084,0.17986,-0.00214,-0.00696,0.11892,0.71007,7.4,LANE_FOLLOW
0.64,0.34104,0.16368,0.42002,0.82945,0.34542,0.49927,0.20664,-0.00246,0.00077,0.11616,0.69668,7.4,LANE_FOLLOW
0.66,0.35411,0.16952,0.4174,0.82945,0.34542,0.49781,0.20664,-0.00245,-0.00185,0.11361,0.69668,7.4,LANE_FOLLOW
0.68,0.36716,0.17531,0.41474,0.82945,0.34542,0.4967,0.20664,-0.00248,-0.00451,0.11119,0.69668,7.4,LANE_FOLLOW
0.7,0.38018,0.18104,0.41205,0.82945,0.34542,0.49584,0.20664,-0.00254,-0.0072,0.10888,0.69668,7.4,LANE_FOLLOW
0.72,0.39319,0.18672,0.40932,0.87809,0.3571,0.49477,0.23713,-0.00282,0.00177,0.10493,0.68144,7.4,LANE_FOLLOW
0.74,0.40615,0.19235,0.40638,0.87809,0.3571,0.4936,0.23713,-0.00279,-0.00117,0.10138,0.68144,7.4,LANE_FOLLOW
0.76,0.41908,0.19791,0.40341,0.87809,0.3571,0.49266,0.23713,-0.00281,-0.00414,0.09811,0.68144,7.4,LANE_FOLLOW
0.78,0.43197,0.20341,0.4004,0.92702,0.3675,0.49188,0.26899,-0.00317,0.00657,0.09342,0.66551,7.4,LANE_FOLLOW
0.8,0.4448,0.20884,0.39718,0.92702,0.3675,0.49087,0.26899,-0.00308,0.00335,0.08923,0.66551,7.4,LANE_FOLLOW
0.82,0.45758,0.21421,0.39394,0.92702,0.3675,0.49,0.26899,-0.00304,0.00011,0.08544,0.66551,7.4,LANE_FOLLOW
0.84,0.47032,0.2195,0.39066,0.92702,0.3675,0.48927,0.26899,-0.00303,-0.00317,0.08194,0.66551,7.4,LANE_FOLLOW
0.86,0.48303,0.22473,0.38735,0.97621,0.37655,0.48863,0.29568,-0.00333,0.00821,0.07703,0.65216,7.4,LANE_FOLLOW
0.88,0.49567,0.22989,0.38384,0.97621,0.37655,0.48777,0.29568,-0.00322,0.00469,0.07262,0.65216,7.4,LANE_FOLLOW
0.9,0.50827,0.23498,0.38029,0.97621,0.37655,0.48702,0.29568,-0.00316,0.00114,0.06861,0.65216,7.4,LANE_FOLLOW
0.92,0.52082,0.24,0.37671,0.97621,0.37655,0.48636,0.29568,-0.00314,-0.00244,0.06488,0.65216,7.4,LANE_FOLLOW
0.94,0.53334,0.24495,0.37309,1.02564,0.38419,0.48578,0.3217,-0.00338,0.01001,0.05982,0.63915,7.4,LANE_FOLLOW
0.96,0.54581,0.24983,0.36927,1.02564,0.38419,0.48497,0.3217,-0.00325,0.00619,0.05524,0.63915,7.4,LANE_FOLLOW
0.98,0.55822,0.25463,0.36542,1.02564,0.38419,0.48426,0.3217,-0.00316,0.00235,0.05105,0.63915,7.4,LANE_FOLLOW
1.0,0.5706,0.25937,0.36154,1.07528,0.39038,0.48363,0.35072,-0.00354,0.016,0.04572,0.62464,7.4,LANE_FOLLOW
1.02,0.58291,0.26403,0.35747,1.07528,0.39038,0.48273,0.35072,-0.00332,0.01194,0.04091,0.62464,7.4,LANE_FOLLOW
1.04,0.59517,0.2686,0.35338,1.07528,0.39038,0.48194,0.35072,-0.00317,0.00785,0.03651,0.62464,7.4,LANE_FOLLOW
1.06,0.60738,0.27311,0.34926,1.07528,0.39038,0.48124,0.35072,-0.00307,0.00372,0.03241,0.62464,7.4,LANE_FOLLOW
1.08,0.61955,0.27754,0.34509,1.12508,0.39506,0.48063,0.38034,-0.00341,0.01858,0.02725,0.60983,7.4,LANE_FOLLOW
1.1,0.63165,0.28189,0.34077,1.12508,0.39506,0.47974,0.38034,-0.00317,0.01426,0.02255,0.60983,7.4,LANE_FOLLOW
1.12,0.6437,0.28616,0.33641,1.12508,0.39506,0.47895,0.38034,-0.00299,0.0099,0.01819,0.60983,7.4,LANE_FOLLOW
1.14,0.65571,0.29036,0.33202,1.12508,0.39506,0.47826,0.38034,-0.00286,0.00551,0.01409,0.60983,7.4,LANE_FOLLOW
1.16,0.66767,0.29449,0.32759,1.175,0.3982,0.47765,0.41001,-0.0032,0.02159,0.00907,0.595,7.4,LANE_FOLLOW
1.18,0.67957,0.29853,0.32303,1.175,0.3982,0.47676,0.41001,-0.00293,0.01703,0.00445,0.595,7.4,LANE_FOLLOW
1.2,0.69141,0.30249,0.31843,1.175,0.3982,0.47598,0.41001,-0.00271,0.01243,0.00013,0.595,7.4,LANE_FOLLOW
1.22,0.70321,0.30638,0.3138,1.175,0.3982,0.47528,0.41001,-0.00256,0.0078,-0.00398,0.595,7.4,LANE_FOLLOW
1.24,0.71496,0.3102,0.30912,1.22499,0.39978,0.47467,0.43943,-0.0029,0.02511,-0.00882,0.58028,7.4,LANE_FOLLOW
1.26,0.72665,0.31393,0.30434,1.22499,0.39978,0.47379,0.43943,-0.00259,0.02033,-0.01332,0.58028,7.4,LANE_FOLLOW
1.28,0.73828,0.31758,0.29952,1.22499,0.39978,0.47301,0.43943,-0.00234,0.01551,-0.01758,0.58028,7.4,LANE_FOLLOW
1.3,0.74986,0.32116,0.29467,1.22499,0.39978,0.47232,0.43943,-0.00215,0.01066,-0.02166,0.58028,7.4,LANE_FOLLOW
1.32,0.7614,0.32466,0.28978,1.27501,0.39978,0.47171,0.46828,-0.00252,0.02921,-0.02625,0.56586,7.4,LANE_FOLLOW
1.34,0.77288,0.32808,0.28481,1.27501,0.39978,0.47084,0.46828,-0.00217,0.02423,-0.03059,0.56586,7.4,LANE_FOLLOW
1.36,0.78429,0.33143,0.2798,1.27501,0.39978,0.47006,0.46828,-0.00188,0.01922,-0.03473,0.56586,7.4,LANE_FOLLOW
1.38,0.79566,0.33469,0.27476,1.27501,0.39978,0.46938,0.46828,-0.00166,0.01418,-0.03874,0.56586,7.4,LANE_FOLLOW
1.4,0.80699,0.33789,0.26968,1.325,0.3982,0.46878,0.49659,-0.00208,0.03394,-0.04302,0.55171,7.4,LANE_FOLLOW
1.42,0.81825,0.341,0.26454,1.325,0.3982,0.46792,0.49659,-0.00168,0.0288,-0.04712,0.55171,7.4,LANE_FOLLOW
1.44,0.82945,0.34403,0.25938,1.325,0.3982,0.46716,0.49659,-0.00134,0.02364,-0.05109,0.55171,7.4,LANE_FOLLOW
1.46,0.8406,0.34699,0.25418,1.325,0.3982,0.46648,0.49659,-0.00107,0.01844,-0.05498,0.55171,7.4,LANE_FOLLOW
1.48,0.85171,0.34988,0.24895,1.325,0.3982,0.46589,0.49659,-0.00086,0.01321,-0.05882,0.55171,7.4,LANE_FOLLOW
1.5,0.86279,0.35269,0.24367,1.37492,0.39506,0.46537,0.52443,-0.00113,0.03418,-0.06265,0.53778,7.4,LANE_FOLLOW
1.52,0.8738,0.35543,0.23837,1.37492,0.39506,0.46458,0.52443,-0.00074,0.02888,-0.06641,0.53778,7.4,LANE_FOLLOW
1.54,0.88476,0.35809,0.23303,1.37492,0.39506,0.46388,0.52443,-0.00041,0.02354,-0.07014,0.53778,7.4,LANE_FOLLOW
1.56,0.89567,0.36069,0.22767,1.37492,0.39506,0.46327,0.52443,-0.00015,0.01818,-0.07387,0.53778,7.4,LANE_FOLLOW
1.58,0.90655,0.3632,0.22226,1.42472,0.39037,0.46272,0.54925,-0.00052,0.04036,-0.07729,0.52537,7.4,LANE_FOLLOW
1.6,0.91736,0.36565,0.21685,1.42472,0.39037,0.46195,0.54925,-8e-05,0.03495,-0.08073,0.52537,7.4,LANE_FOLLOW
1.62,0.92812,0.36802,0.21142,1.42472,0.39037,0.46127,0.54925,0.00031,0.02952,-0.08421,0.52537,7.4,LANE_FOLLOW
1.64,0.93883,0.37032,0.20595,1.42472,0.39037,0.46067,0.54925,0.00063,0.02405,-0.08774,0.52537,7.4,LANE_FOLLOW
1.66,0.94951,0.37255,0.20045,1.42472,0.39037,0.46014,0.54925,0.00089,0.01855,-0.09133,0.52537,7.4,LANE_FOLLOW
1.68,0.96015,0.37471,0.1949,1.47436,0.38418,0.45968,0.56952,0.00064,0.04147,-0.09424,0.51524,7.4,LANE_FOLLOW
1.7,0.97074,0.3768,0.18939,1.47436,0.38418,0.45903,0.56952,0.00108,0.03595,-0.09729,0.51524,7.4,LANE_FOLLOW
1.72,0.98128,0.37882,0.18384,1.47436,0.38418,0.45845,0.56952,0.00147,0.0304,-0.10047,0.51524,7.4,LANE_FOLLOW
1.74,0.99178,0.38077,0.17826,1.47436,0.38418,0.45794,0.56952,0.0018,0.02482,-0.10378,0.51524,7.4,LANE_FOLLOW
1.76,1.00226,0.38266,0.17264,1.52379,0.37653,0.4575,0.58771,0.00137,0.04864,-0.10615,0.50614,7.4,LANE_FOLLOW
1.78,1.01268,0.38448,0.16707,1.52379,0.37653,0.45689,0.58771,0.00189,0.04307,-0.10875,0.50614,7.4,LANE_FOLLOW
1.8,1.02306,0.38623,0.16147,1.52379,0.37653,0.45635,0.58771,0.00234,0.03748,-0.11157,0.50614,7.4,LANE_FOLLOW
1.82,1.0334,0.38791,0.15584,1.52379,0.37653,0.45588,0.58771,0.00273,0.03185,-0.11459,0.50614,7.4,LANE_FOLLOW
1.84,1.04371,0.38953,0.15017,1.52379,0.37653,0.45546,0.58771,0.00306,0.02617,-0.11777,0.50614,7.4,LANE_FOLLOW
1.86,1.05399,0.39109,0.14446,1.57298,0.36747,0.45509,0.60392,0.0027,0.05072,-0.1196,0.49804,7.4,LANE_FOLLOW
1.88,1.06423,0.39258,0.13883,1.57298,0.36747,0.45458,0.60392,0.00322,0.04509,-0.12179,0.49804,7.4,LANE_FOLLOW
1.9,1.07443,0.394,0.13317,1.57298,0.36747,0.45412,0.60392,0.00369,0.03943,-0.12429,0.49804,7.4,LANE_FOLLOW
1.92,1.08461,0.39537,0.12747,1.57298,0.36747,0.45372,0.60392,0.00409,0.03373,-0.12705,0.49804,7.4,LANE_FOLLOW
1.94,1.09475,0.39667,0.12173,1.57298,0.36747,0.45336,0.60392,0.00444,0.02799,-0.13005,0.49804,7.4,LANE_FOLLOW
1.96,1.10487,0.3979,0.11595,1.6219,0.35707,0.45305,0.6165,0.00411,0.05309,-0.13129,0.49175,7.4,LANE_FOLLOW
1.98,1.11495,0.39908,0.11028,1.6219,0.35707,0.45263,0.6165,0.00464,0.04742,-0.13301,0.49175,7.4,LANE_FOLLOW
2.0,1.12501,0.40019,0.10457,1.6219,0.35707,0.45225,0.6165,0.00512,0.04172,-0.13513,0.49175,7.4,LANE_FOLLOW
2.02,1.13504,0.40124,0.09883,1.6219,0.35707,0.45192,0.6165,0.00554,0.03597,-0.1376,0.49175,7.4,LANE_FOLLOW
2.04,1.14504,0.40224,0.09304,1.6219,0.35707,0.45163,0.6165,0.00591,0.03018,-0.14037,0.49175,7.4,LANE_FOLLOW
2.06,1.15502,0.40317,0.0872,1.67054,0.34539,0.45138,0.62513,0.00559,0.05567,-0.14099,0.48744,7.4,LANE_FOLLOW
2.08,1.16498,0.40404,0.08151,1.67054,0.34539,0.45105,0.62513,0.00615,0.04998,-0.14221,0.48744,7.4,LANE_FOLLOW
2.1,1.17491,0.40485,0.07577,1.67054,0.34539,0.45076,0.62513,0.00665,0.04424,-0.14395,0.48744,7.4,LANE_FOLLOW
2.12,1.18483,0.4056,0.07,1.67054,0.34539,0.4505,0.62513,0.00709,0.03846,-0.1461,0.48744,7.4,LANE_FOLLOW
2.14,1.19472,0.4063,0.06417,1.67054,0.34539,0.45028,0.62513,0.00747,0.03264,-0.14862,0.48744,7.4,LANE_FOLLOW
2.16,1.2046,0.40693,0.0583,1.67054,0.34539,0.45008,0.62956,0.00715,0.05831,-0.15146,0.48522,7.4,LANE_FOLLOW
2.18,1.21445,0.40751,0.05238,1.67054,0.34539,0.45,0.62956,0.00773,0.05239,-0.15457,0.48522,7.4,LANE_FOLLOW
2.2,1.2243,0.40802,0.0464,1.67054,0.34539,0.45,0.62956,0.00824,0.04641,-0.15793,0.48522,7.4,LANE_FOLLOW
2.22,1.23412,0.40848,0.04037,1.67054,0.34539,0.45,0.62956,0.0087,0.04038,-0.16152,0.48522,7.4,LANE_FOLLOW
2.24,1.24394,0.40888,0.03428,1.67054,0.34539,0.45,0.62956,0.00909,0.03429,-0.16532,0.48522,7.4,LANE_FOLLOW
2.26,1.25374,0.40921,0.02812,1.71887,0.33251,0.45,0.62967,0.00875,0.05969,-0.16535,0.48516,7.4,LANE_FOLLOW
2.28,1.26353,0.40949,0.0222,1.71887,0.33251,0.45,0.62967,0.00934,0.05377,-0.16621,0.48516,7.4,LANE_FOLLOW
2.3,1.27331,0.4097,0.01623,1.71887,0.33251,0.45,0.62967,0.00987,0.04779,-0.16777,0.48516,7.4,LANE_FOLLOW
2.32,1.28309,0.40986,0.0102,1.71887,0.33251,0.45,0.62967,0.01033,0.04176,-0.16991,0.48516,7.4,LANE_FOLLOW
2.34,1.29285,0.40996,0.0041,1.71887,0.33251,0.45,0.62967,0.01074,0.03566,-0.17255,0.48516,7.4,LANE_FOLLOW
2.36,1.30261,0.41,-0.00207,1.76689,0.3185,0.45,0.62545,0.01037,0.06084,-0.17123,0.48727,7.4,LANE_FOLLOW
2.38,1.31237,0.40998,-0.00797,1.76689,0.3185,0.45,0.62545,0.01096,0.05494,-0.17101,0.48727,7.4,LANE_FOLLOW
2.4,1.32213,0.4099,-0.01393,1.76689,0.3185,0.45,0.62545,0.0115,0.04897,-0.17169,0.48727,7.4,LANE_FOLLOW
2.42,1.33188,0.40977,-0.01996,1.76689,0.3185,0.45,0.62545,0.01198,0.04294,-0.17312,0.48727,7.4,LANE_FOLLOW
2.44,1.34163,0.40957,-0.02605,1.76689,0.3185,0.45,0.62545,0.01239,0.03685,-0.17519,0.48727,7.4,LANE_FOLLOW
2.46,1.35138,0.40932,-0.03222,1.86197,0.28741,0.4505,0.61702,0.01199,0.0616,-0.16918,0.49149,7.4,LANE_FOLLOW
2.48,1.36114,0.40901,-0.0378,1.86197,0.28741,0.45117,0.61702,0.01259,0.05601,-0.16508,0.49149,7.4,LANE_FOLLOW
2.5,1.3709,0.40864,-0.04345,1.86197,0.28741,0.45165,0.61702,0.01314,0.05037,-0.16253,0.49149,7.4,LANE_FOLLOW
2.52,1.38067,0.40821,-0.04915,1.86197,0.28741,0.45201,0.61702,0.01363,0.04466,-0.16124,0.49149,7.4,LANE_FOLLOW
2.54,1.39044,0.40773,-0.05492,1.86197,0.28741,0.45227,0.61702,0.01407,0.0389,-0.16098,0.49149,7.4,LANE_FOLLOW
2.56,1.40021,0.40719,-0.06075,1.86197,0.28741,0.45246,0.61702,0.01445,0.03307,-0.16157,0.49149,7.4,LANE_FOLLOW
2.58,1.40999,0.4066,-0.06664,1.90903,0.27047,0.45372,0.60458,0.01428,0.05747,-0.15847,0.49771,7.4,LANE_FOLLOW
2.6,1.41978,0.40595,-0.07227,1.90903,0.27047,0.45476,0.60458,0.01484,0.05184,-0.1567,0.49771,7.4,LANE_FOLLOW
2.62,1.42958,0.40524,-0.07796,1.90903,0.27047,0.45553,0.60458,0.01535,0.04614,-0.15604,0.49771,7.4,LANE_FOLLOW
2.64,1.4394,0.40447,-0.08372,1.90903,0.27047,0.45609,0.60458,0.01581,0.04038,-0.15628,0.49771,7.4,LANE_FOLLOW
2.66,1.44922,0.40364,-0.08955,1.90903,0.27047,0.45651,0.60458,0.0162,0.03456,-0.15726,0.49771,7.4,LANE_FOLLOW
2.68,1.45905,0.40276,-0.09544,1.9558,0.25271,0.45828,0.58848,0.01602,0.05814,-0.15416,0.50576,7.4,LANE_FOLLOW
2.7,1.4689,0.40182,-0.10105,1.9558,0.25271,0.45973,0.58848,0.0166,0.05253,-0.15239,0.50576,7.4,LANE_FOLLOW
2.72,1.47877,0.40082,-0.10673,1.9558,0.25271,0.4608,0.58848,0.01712,0.04685,-0.15172,0.50576,7.4,LANE_FOLLOW
2.74,1.48866,0.39976,-0.11249,1.9558,0.25271,0.46159,0.58848,0.01758,0.0411,-0.15195,0.50576,7.4,LANE_FOLLOW
2.76,1.49856,0.39864,-0.11831,1.9558,0.25271,0.46219,0.58848,0.01799,0.03527,-0.15293,0.50576,7.4,LANE_FOLLOW
2.78,1.50848,0.39746,-0.1242,2.00226,0.23418,0.46438,0.56909,0.01781,0.05788,-0.14954,0.51545,7.4,LANE_FOLLOW
2.8,1.51842,0.39622,-0.12979,2.00226,0.23418,0.46618,0.56909,0.01839,0.05229,-0.14754,0.51545,7.4,LANE_FOLLOW
2.82,1.52839,0.39492,-0.13546,2.00226,0.23418,0.46751,0.56909,0.01892,0.04662,-0.14668,0.51545,7.4,LANE_FOLLOW
2.84,1.53839,0.39356,-0.1412,2.00226,0.23418,0.46851,0.56909,0.01939,0.04088,-0.14676,0.51545,7.4,LANE_FOLLOW
2.86,1.5484,0.39213,-0.14702,2.00226,0.23418,0.46925,0.56909,0.0198,0.03506,-0.14761,0.51545,7.4,LANE_FOLLOW
2.88,1.55842,0.39065,-0.15291,2.04844,0.21497,0.47183,0.54688,0.01964,0.05656,-0.14384,0.52656,7.4,LANE_FOLLOW
2.9,1.56848,0.3891,-0.15848,2.04844,0.21497,0.47393,0.54688,0.02022,0.05099,-0.14154,0.52656,7.4,LANE_FOLLOW
2.92,1.57858,0.38748,-0.16412,2.04844,0.21497,0.47549,0.54688,0.02074,0.04535,-0.14043,0.52656,7.4,LANE_FOLLOW
2.94,1.5887,0.38581,-0.16985,2.04844,0.21497,0.47665,0.54688,0.02121,0.03962,-0.14031,0.52656,7.4,LANE_FOLLOW
2.96,1.59884,0.38407,-0.17565,2.04844,0.21497,0.47753,0.54688,0.02161,0.03382,-0.14101,0.52656,7.4,LANE_FOLLOW
2.98,1.609,0.38227,-0.18153,2.09437,0.19515,0.48042,0.52233,0.02149,0.05408,-0.13684,0.53884,7.4,LANE_FOLLOW
3.0,1.61921,0.38039,-0.18707,2.09437,0.19515,0.48278,0.52233,0.02205,0.04855,-0.13421,0.53884,7.4,LANE_FOLLOW
3.02,1.62944,0.37846,-0.19268,2.09437,0.19515,0.48453,0.52233,0.02255,0.04294,-0.13285,0.53884,7.4,LANE_FOLLOW
3.04,1.63971,0.37645,-0.19838,2.09437,0.19515,0.48584,0.52233,0.023,0.03724,-0.13253,0.53884,7.4,LANE_FOLLOW
3.06,1.65001,0.37438,-0.20416,2.09437,0.19515,0.48684,0.52233,0.02339,0.03146,-0.13306,0.53884,7.4,LANE_FOLLOW
3.08,1.66032,0.37225,-0.21002,2.14006,0.1748,0.48998,0.49591,0.02332,0.05042,-0.12849,0.55205,7.4,LANE_FOLLOW
3.1,1.67068,0.37004,-0.2155,2.14006,0.1748,0.49255,0.49591,0.02385,0.04494,-0.12554,0.55205,7.4,LANE_FOLLOW
3.12,1.68108,0.36776,-0.22107,2.14006,0.1748,0.49446,0.49591,0.02433,0.03937,-0.12392,0.55205,7.4,LANE_FOLLOW
3.14,1.69151,0.36542,-0.22673,2.14006,0.1748,0.49589,0.49591,0.02475,0.03371,-0.12339,0.55205,7.4,LANE_FOLLOW
3.16,1.70197,0.36301,-0.23247,2.18554,0.15397,0.49948,0.4681,0.02454,0.0514,-0.118,0.56595,7.4,LANE_FOLLOW
3.18,1.71248,0.36052,-0.23783,2.23083,0.13273,0.50239,0.4681,0.02509,0.04604,-0.10949,0.56595,7.4,LANE_FOLLOW
3.2,1.72303,0.35796,-0.24287,2.23083,0.13273,0.50456,0.4681,0.02559,0.041,-0.10328,0.56595,7.4,LANE_FOLLOW
3.22,1.73363,0.35533,-0.24798,2.23083,0.13273,0.50619,0.4681,0.02604,0.03589,-0.09892,0.56595,7.4,LANE_FOLLOW
3.24,1.74426,0.35264,-0.25317,2.23083,0.13273,0.50742,0.4681,0.02643,0.0307,-0.09608,0.56595,7.4,LANE_FOLLOW
3.26,1.75491,0.34989,-0.25843,2.27594,0.11113,0.51097,0.43934,0.02632,0.04742,-0.0896,0.58033,7.4,LANE_FOLLOW
3.28,1.76562,0.34706,-0.26336,2.27594,0.11113,0.51386,0.43934,0.02684,0.04249,-0.085,0.58033,7.4,LANE_FOLLOW
3.3,1.77637,0.34416,-0.26837,2.27594,0.11113,0.51601,0.43934,0.02732,0.03748,-0.08191,0.58033,7.4,LANE_FOLLOW
3.32,1.78717,0.34119,-0.27346,2.27594,0.11113,0.51764,0.43934,0.02774,0.03239,-0.08007,0.58033,7.4,LANE_FOLLOW
3.34,1.79799,0.33815,-0.27862,2.27594,0.11113,0.51887,0.43934,0.0281,0.02723,-0.07923,0.58033,7.4,LANE_FOLLOW
3.36,1.80884,0.33505,-0.28386,2.32092,0.08925,0.52246,0.41,0.02809,0.0425,-0.07411,0.595,7.4,LANE_FOLLOW
3.38,1.81974,0.33187,-0.28874,2.32092,0.08925,0.5254,0.41,0.02858,0.03762,-0.07059,0.595,7.4,LANE_FOLLOW
3.4,1.83069,0.32861,-0.2937,2.32092,0.08925,0.52759,0.41,0.02901,0.03266,-0.06837,0.595,7.4,LANE_FOLLOW
3.42,1.84168,0.32529,-0.29873,2.32092,0.08925,0.52924,0.41,0.02938,0.02763,-0.06722,0.595,7.4,LANE_FOLLOW
3.44,1.8527,0.3219,-0.30385,2.36579,0.06713,0.53316,0.38044,0.02932,0.04154,-0.06183,0.60978,7.4,LANE_FOLLOW
3.46,1.86377,0.31843,-0.30859,2.36579,0.06713,0.53634,0.38044,0.0298,0.0368,-0.05808,0.60978,7.4,LANE_FOLLOW
3.48,1.87489,0.31488,-0.31342,2.36579,0.06713,0.53871,0.38044,0.03023,0.03197,-0.05566,0.60978,7.4,LANE_FOLLOW
3.5,1.88606,0.31126,-0.31832,2.36579,0.06713,0.5405,0.38044,0.0306,0.02707,-0.05433,0.60978,7.4,LANE_FOLLOW
3.52,1.89726,0.30757,-0.3233,2.41058,0.04485,0.5443,0.35327,0.0305,0.03964,-0.04877,0.62337,7.4,LANE_FOLLOW
3.54,1.90851,0.3038,-0.3279,2.41058,0.04485,0.54739,0.35327,0.03097,0.03504,-0.04487,0.62337,7.4,LANE_FOLLOW
3.56,1.91982,0.29996,-0.33258,2.41058,0.04485,0.54969,0.35327,0.03139,0.03036,-0.04231,0.62337,7.4,LANE_FOLLOW
3.58,1.93116,0.29604,-0.33734,2.4553,0.02246,0.55143,0.35327,0.03176,0.0256,-0.03599,0.62337,7.4,LANE_FOLLOW
3.6,1.94254,0.29205,-0.34171,2.4553,0.02246,0.55276,0.35327,0.03206,0.02123,-0.03143,0.62337,7.4,LANE_FOLLOW
3.62,1.95394,0.28799,-0.34616,2.5,-0.0,0.55617,0.32683,0.03208,0.03334,-0.0239,0.63658,7.4,LANE_FOLLOW
3.64,1.9654,0.28386,-0.35026,2.5,-0.0,0.55896,0.32683,0.03249,0.02924,-0.01833,0.63658,7.4,LANE_FOLLOW
3.66,1.9769,0.27966,-0.35442,2.5,-0.0,0.56104,0.32683,0.03284,0.02507,-0.01434,0.63658,7.4,LANE_FOLLOW
3.68,1.98844,0.27539,-0.35865,2.5,-0.0,0.56262,0.32683,0.03315,0.02084,-0.01163,0.63658,7.4,LANE_FOLLOW
3.7,2.0,0.27105,-0.36295,2.5447,-0.02245,0.56664,0.29566,0.03317,0.03128,-0.00553,0.65217,7.4,LANE_FOLLOW
3.72,2.01163,0.26664,-0.36689,2.5447,-0.02245,0.56991,0.29566,0.03356,0.02734,-0.00108,0.65217,7.4,LANE_FOLLOW
3.74,2.0233,0.26215,-0.3709,2.5447,-0.02245,0.57234,0.29566,0.03391,0.02333,0.00202,0.65217,7.4,LANE_FOLLOW
3.76,2.03501,0.2576,-0.37497,2.5447,-0.02245,0.57418,0.29566,0.0342,0.01926,0.00404,0.65217,7.4,LANE_FOLLOW
3.78,2.04676,0.25297,-0.3791,2.58943,-0.04485,0.57624,0.26352,0.03423,0.02826,0.00965,0.66824,7.4,LANE_FOLLOW
3.8,2.05857,0.24827,-0.38288,2.58943,-0.04485,0.57711,0.26352,0.03459,0.02448,0.01371,0.66824,7.4,LANE_FOLLOW
3.82,2.07043,0.24349,-0.38671,2.58943,-0.04485,0.57788,0.26352,0.0349,0.02065,0.01653,0.66824,7.4,LANE_FOLLOW
3.84,2.08234,0.23864,-0.39061,2.58943,-0.04485,0.57856,0.26352,0.03516,0.01675,0.01834,0.66824,7.4,LANE_FOLLOW
3.86,2.09428,0.23372,-0.39457,2.63421,-0.06714,0.57916,0.23463,0.0352,0.02452,0.02383,0.68268,7.4,LANE_FOLLOW
3.88,2.10629,0.22873,-0.39815,2.63421,-0.06714,0.58003,0.23463,0.03552,0.02094,0.02782,0.68268,7.4,LANE_FOLLOW
3.9,2.11834,0.22365,-0.4018,2.63421,-0.06714,0.58079,0.23463,0.03579,0.01729,0.0306,0.68268,7.4,LANE_FOLLOW
3.92,2.13044,0.21851,-0.4055,2.63421,-0.06714,0.58147,0.23463,0.03602,0.01359,0.0324,0.68268,7.4,LANE_FOLLOW
3.94,2.14258,0.2133,-0.40926,2.67907,-0.08925,0.58207,0.20727,0.03606,0.02019,0.03794,0.69636,7.4,LANE_FOLLOW
3.96,2.15477,0.20801,-0.41263,2.67907,-0.08925,0.58291,0.20727,0.03633,0.01682,0.042,0.69636,7.4,LANE_FOLLOW
3.98,2.16702,0.20265,-0.41605,2.67907,-0.08925,0.58366,0.20727,0.03655,0.0134,0.04485,0.69636,7.4,LANE_FOLLOW
4.0,2.1793,0.19723,-0.41953,2.72406,-0.11113,0.58432,0.18242,0.03651,0.01894,0.05109,0.70879,7.4,LANE_FOLLOW
4.02,2.19165,0.19172,-0.42262,2.72406,-0.11113,0.5852,0.18242,0.03677,0.01585,0.05575,0.70879,7.4,LANE_FOLLOW
4.04,2.20405,0.18614,-0.42576,2.72406,-0.11113,0.58597,0.18242,0.03699,0.01271,0.05912,0.70879,7.4,LANE_FOLLOW
4.06,2.21649,0.1805,-0.42896,2.72406,-0.11113,0.58665,0.18242,0.03716,0.00951,0.06145,0.70879,7.4,LANE_FOLLOW
4.08,2.22898,0.17479,-0.43221,2.76918,-0.13272,0.58725,0.15748,0.03713,0.01435,0.06734,0.72126,7.4,LANE_FOLLOW
4.1,2.24151,0.16901,-0.43505,2.76918,-0.13272,0.58807,0.15748,0.03733,0.01152,0.07174,0.72126,7.4,LANE_FOLLOW
4.12,2.2541,0.16316,-0.43793,2.76918,-0.13272,0.5888,0.15748,0.03749,0.00863,0.07493,0.72126,7.4,LANE_FOLLOW
4.14,2.26673,0.15724,-0.44087,2.76918,-0.13272,0.58944,0.15748,0.03761,0.0057,0.07715,0.72126,7.4,LANE_FOLLOW
4.16,2.27939,0.15127,-0.44385,2.81446,-0.15397,0.59001,0.12853,0.0376,0.00902,0.08302,0.73573,7.4,LANE_FOLLOW
4.18,2.29211,0.14522,-0.44641,2.81446,-0.15397,0.58994,0.12853,0.03773,0.00646,0.08744,0.73573,7.4,LANE_FOLLOW
4.2,2.30488,0.13911,-0.44901,2.81446,-0.15397,0.58905,0.12853,0.03782,0.00386,0.09067,0.73573,7.4,LANE_FOLLOW
4.22,2.3177,0.13293,-0.45165,2.85993,-0.17481,0.58592,0.10058,0.03776,0.00624,0.09722,0.74971,7.4,LANE_FOLLOW
4.24,2.33058,0.12669,-0.45387,2.85993,-0.17481,0.58417,0.10058,0.03785,0.00402,0.10222,0.74971,7.4,LANE_FOLLOW
4.26,2.34351,0.12037,-0.45613,2.85993,-0.17481,0.58312,0.10058,0.03791,0.00176,0.10596,0.74971,7.4,LANE_FOLLOW
4.28,2.3565,0.114,-0.45843,2.85993,-0.17481,0.58252,0.10058,0.03793,-0.00055,0.10868,0.74971,7.4,LANE_FOLLOW
4.3,2.36953,0.10757,-0.46077,2.90562,-0.19517,0.57956,0.07576,0.03787,0.0009,0.11492,0.76212,7.4,LANE_FOLLOW
4.32,2.38262,0.10108,-0.46267,2.90562,-0.19517,0.57789,0.07576,0.03788,-0.001,0.1197,0.76212,7.4,LANE_FOLLOW
4.34,2.39576,0.09452,-0.4646,2.90562,-0.19517,0.57688,0.07576,0.03787,-0.00293,0.12329,0.76212,7.4,LANE_FOLLOW
4.36,2.40895,0.08791,-0.46656,2.95156,-0.21497,0.57338,0.05119,0.03777,-0.00232,0.13011,0.77441,7.4,LANE_FOLLOW
4.38,2.4222,0.08124,-0.46809,2.95156,-0.21497,0.57135,0.05119,0.03774,-0.00384,0.1354,0.77441,7.4,LANE_FOLLOW
4.4,2.43551,0.07451,-0.46964,2.95156,-0.21497,0.57008,0.05119,0.03768,-0.0054,0.13945,0.77441,7.4,LANE_FOLLOW
4.42,2.44887,0.06773,-0.47122,2.95156,-0.21497,0.56933,0.05119,0.0376,-0.00697,0.1425,0.77441,7.4,LANE_FOLLOW
4.44,2.46227,0.0609,-0.47282,2.99775,-0.23417,0.56605,0.02573,0.03748,-0.00727,0.14898,0.78714,7.4,LANE_FOLLOW
4.46,2.47573,0.05401,-0.47397,2.99775,-0.23417,0.56416,0.02573,0.03737,-0.00841,0.15404,0.78714,7.4,LANE_FOLLOW
4.48,2.48926,0.04708,-0.47513,2.99775,-0.23417,0.56299,0.02573,0.03724,-0.00958,0.15794,0.78714,7.4,LANE_FOLLOW
4.5,2.50283,0.04009,-0.47632,3.04421,-0.25269,0.55997,0.0002,0.0371,-0.01081,0.16499,0.7999,7.4,LANE_FOLLOW
4.52,2.51647,0.03306,-0.47704,3.04421,-0.25269,0.55827,0.0002,0.03693,-0.01154,0.17054,0.7999,7.4,LANE_FOLLOW
4.54,2.53017,0.02598,-0.47778,3.04421,-0.25269,0.55725,0.0002,0.03675,-0.01228,0.17489,0.7999,7.4,LANE_FOLLOW
4.56,2.54393,0.01885,-0.47854,3.09097,-0.27046,0.55442,0.02511,0.03659,-0.01429,0.18218,0.78744,7.4,LANE_FOLLOW
4.58,2.5577,0.0117,-0.47884,3.09097,-0.27046,0.55228,0.02511,0.03637,-0.01459,0.18798,0.78744,7.4,LANE_FOLLOW
4.6,2.5715,0.00454,-0.47914,3.09097,-0.27046,0.55083,0.02511,0.03614,-0.01489,0.19259,0.78744,7.4,LANE_FOLLOW
4.62,2.58532,-0.00264,-0.47945,3.09097,-0.27046,0.5475,0.05022,0.03596,-0.01766,0.19624,0.77489,7.4,LANE_FOLLOW
4.64,2.59913,-0.00982,-0.47976,3.09097,-0.27046,0.54491,0.05022,0.03569,-0.01798,0.19912,0.77489,7.4,LANE_FOLLOW
4.66,2.61293,-0.017,-0.48008,3.09097,-0.27046,0.54309,0.05022,0.03541,-0.01829,0.20138,0.77489,7.4,LANE_FOLLOW
4.68,2.62672,-0.02418,-0.4804,3.09097,-0.27046,0.54179,0.05022,0.03512,-0.01861,0.20315,0.77489,7.4,LANE_FOLLOW
4.7,2.64051,-0.03136,-0.48072,3.13803,-0.28741,0.53867,0.07705,0.03487,-0.0228,0.20916,0.76147,7.4,LANE_FOLLOW
4.72,2.65425,-0.03853,-0.4805,3.13803,-0.28741,0.53616,0.07705,0.03452,-0.02257,0.214,0.76147,7.4,LANE_FOLLOW
4.74,2.66798,-0.04568,-0.48027,3.13803,-0.28741,0.53434,0.07705,0.03417,-0.02235,0.2179,0.76147,7.4,LANE_FOLLOW
4.76,2.68167,-0.05282,-0.48004,3.1854,-0.30346,0.531,0.10338,0.0339,-0.02734,0.2254,0.74831,7.4,LANE_FOLLOW
4.78,2.69532,-0.05993,-0.47929,3.1854,-0.30346,0.52831,0.10338,0.03348,-0.02659,0.2315,0.74831,7.4,LANE_FOLLOW
4.8,2.70893,-0.067,-0.47853,3.1854,-0.30346,0.52632,0.10338,0.03307,-0.02583,0.23647,0.74831,7.4,LANE_FOLLOW
4.82,2.72251,-0.07404,-0.47776,3.2331,-0.31854,0.52309,0.12794,0.03279,-0.03142,0.24462,0.73603,7.4,LANE_FOLLOW
4.84,2.73603,-0.08104,-0.4765,3.2331,-0.31854,0.52045,0.12794,0.03231,-0.03017,0.25129,0.73603,7.4,LANE_FOLLOW
4.86,2.74951,-0.088,-0.47523,3.2331,-0.31854,0.51849,0.12794,0.03185,-0.0289,0.25679,0.73603,7.4,LANE_FOLLOW
4.88,2.76295,-0.09492,-0.47394,3.28112,-0.33254,0.51555,0.15295,0.03158,-0.03525,0.26516,0.72353,7.4,LANE_FOLLOW
4.9,2.77633,-0.10178,-0.4722,3.28112,-0.33254,0.5131,0.15295,0.03105,-0.03351,0.27206,0.72353,7.4,LANE_FOLLOW
4.92,2.78967,-0.10859,-0.47045,3.28112,-0.33254,0.51125,0.15295,0.03055,-0.03176,0.27781,0.72353,7.4,LANE_FOLLOW
4.94,2.80296,-0.11535,-0.46867,3.28112,-0.33254,0.50983,0.15295,0.03007,-0.02998,0.28263,0.72353,7.4,LANE_FOLLOW
4.96,2.81622,-0.12206,-0.46688,3.32946,-0.34541,0.50761,0.18032,0.02973,-0.03714,0.29041,0.70984,7.4,LANE_FOLLOW
4.98,2.82942,-0.12872,-0.46464,3.32946,-0.34541,0.50563,0.18032,0.02919,-0.03491,0.29691,0.70984,7.4,LANE_FOLLOW
5.0,2.84257,-0.13531,-0.46239,3.32946,-0.34541,0.5041,0.18032,0.02867,-0.03265,0.3024,0.70984,7.4,LANE_FOLLOW
5.02,2.85569,-0.14185,-0.46011,3.37809,-0.35708,0.50214,0.21065,0.02838,-0.0409,0.31045,0.69468,7.4,LANE_FOLLOW
5.04,2.86874,-0.14832,-0.45743,3.37809,-0.35708,0.50029,0.21065,0.02778,-0.03823,0.31722,0.69468,7.4,LANE_FOLLOW
5.06,2.88173,-0.15471,-0.45473,3.32946,-0.34541,0.49884,0.21065,0.02723,-0.03553,0.31929,0.69468,7.4,LANE_FOLLOW
5.08,2.89468,-0.16104,-0.45242,3.37809,-0.35708,0.49729,0.23977,0.027,-0.04535,0.32514,0.68011,7.4,LANE_FOLLOW
5.1,2.90756,-0.1673,-0.44966,3.37809,-0.35708,0.49573,0.23977,0.02635,-0.04259,0.3302,0.68011,7.4,LANE_FOLLOW
5.12,2.92038,-0.17349,-0.44687,3.37809,-0.35708,0.49447,0.23977,0.02575,-0.0398,0.33462,0.68011,7.4,LANE_FOLLOW
5.14,2.93315,-0.17961,-0.44405,3.37809,-0.35708,0.49343,0.23977,0.02519,-0.03698,0.33857,0.68011,7.4,LANE_FOLLOW
5.16,2.94588,-0.18567,-0.44121,3.42702,-0.36747,0.49256,0.26534,0.02488,-0.04732,0.34571,0.66733,7.4,LANE_FOLLOW
5.18,2.95855,-0.19165,-0.43795,3.42702,-0.36747,0.49153,0.26534,0.02422,-0.04406,0.35187,0.66733,7.4,LANE_FOLLOW
5.2,2.97116,-0.19755,-0.43466,3.42702,-0.36747,0.49065,0.26534,0.02361,-0.04077,0.35726,0.66733,7.4,LANE_FOLLOW
5.22,2.98373,-0.20339,-0.43134,3.47622,-0.37652,0.4899,0.29206,0.0234,-0.05204,0.36515,0.65397,7.4,LANE_FOLLOW
5.24,2.99624,-0.20915,-0.42765,3.47622,-0.37652,0.48893,0.29206,0.02269,-0.04836,0.37196,0.65397,7.4,LANE_FOLLOW
5.26,3.0087,-0.21482,-0.42394,3.47622,-0.37652,0.48808,0.29206,0.02202,-0.04465,0.37791,0.65397,7.4,LANE_FOLLOW
5.28,3.02111,-0.22043,-0.42019,3.47622,-0.37652,0.48734,0.29206,0.02142,-0.0409,0.3832,0.65397,7.4,LANE_FOLLOW
5.3,3.03348,-0.22595,-0.4164,3.52565,-0.38417,0.48669,0.32109,0.02118,-0.05317,0.39074,0.63946,7.4,LANE_FOLLOW
5.32,3.04579,-0.2314,-0.4123,3.52565,-0.38417,0.48578,0.32109,0.02046,-0.04906,0.39732,0.63946,7.4,LANE_FOLLOW
5.34,3.05806,-0.23676,-0.40816,3.52565,-0.38417,0.48498,0.32109,0.01981,-0.04492,0.40316,0.63946,7.4,LANE_FOLLOW
5.36,3.07028,-0.24205,-0.40398,3.52565,-0.38417,0.48427,0.32109,0.01921,-0.04075,0.40842,0.63946,7.4,LANE_FOLLOW
5.38,3.08246,-0.24726,-0.39977,3.57528,-0.39035,0.48365,0.35054,0.01895,-0.05406,0.41561,0.62473,7.4,LANE_FOLLOW
5.4,3.09459,-0.25238,-0.39527,3.57528,-0.39035,0.48276,0.35054,0.01824,-0.04957,0.42197,0.62473,7.4,LANE_FOLLOW
5.42,3.10666,-0.25742,-0.39074,3.57528,-0.39035,0.48197,0.35054,0.01759,-0.04504,0.42769,0.62473,7.4,LANE_FOLLOW
5.44,3.1187,-0.26238,-0.38618,3.57528,-0.39035,0.48127,0.35054,0.017,-0.04047,0.43291,0.62473,7.4,LANE_FOLLOW
5.46,3.1307,-0.26725,-0.38156,3.62508,-0.39504,0.48066,0.38027,0.01674,-0.05488,0.43971,0.60987,7.4,LANE_FOLLOW
5.48,3.14264,-0.27205,-0.37672,3.62508,-0.39504,0.47977,0.38027,0.01603,-0.05004,0.44581,0.60987,7.4,LANE_FOLLOW
5.5,3.15453,-0.27675,-0.37184,3.62508,-0.39504,0.47898,0.38027,0.01539,-0.04516,0.45137,0.60987,7.4,LANE_FOLLOW
5.52,3.16637,-0.28137,-0.36693,3.62508,-0.39504,0.47829,0.38027,0.01482,-0.04024,0.45651,0.60987,7.4,LANE_FOLLOW
5.54,3.17819,-0.28591,-0.36196,3.675,-0.39818,0.47768,0.41269,0.01456,-0.05579,0.46287,0.59366,7.4,LANE_FOLLOW
5.56,3.18994,-0.29036,-0.35682,3.675,-0.39818,0.47676,0.41269,0.01386,-0.05065,0.46865,0.59366,7.4,LANE_FOLLOW
5.58,3.20163,-0.29472,-0.35164,3.675,-0.39818,0.47595,0.41269,0.01323,-0.04547,0.47399,0.59366,7.4,LANE_FOLLOW
5.6,3.21328,-0.29899,-0.34642,3.72499,-0.39976,0.47523,0.44472,0.01322,-0.06277,0.4801,0.57764,7.4,LANE_FOLLOW
5.62,3.22486,-0.30317,-0.34107,3.72499,-0.39976,0.47422,0.44472,0.01245,-0.05742,0.48569,0.57764,7.4,LANE_FOLLOW
5.64,3.23638,-0.30726,-0.33569,3.72499,-0.39976,0.47333,0.44472,0.01175,-0.05204,0.49088,0.57764,7.4,LANE_FOLLOW
5.66,3.24784,-0.31126,-0.33027,3.72499,-0.39976,0.47254,0.44472,0.01112,-0.04663,0.49578,0.57764,7.4,LANE_FOLLOW
5.68,3.25926,-0.31518,-0.32482,3.72499,-0.39976,0.47185,0.44472,0.01055,-0.04117,0.50046,0.57764,7.4,LANE_FOLLOW
5.7,3.27065,-0.31901,-0.31932,3.77501,-0.39976,0.47124,0.47061,0.01038,-0.05909,0.50564,0.5647,7.4,LANE_FOLLOW
5.72,3.28197,-0.32275,-0.31373,3.77501,-0.39976,0.47039,0.47061,0.00968,-0.0535,0.51052,0.5647,7.4,LANE_FOLLOW
5.74,3.29325,-0.32641,-0.30811,3.77501,-0.39976,0.46965,0.47061,0.00904,-0.04788,0.51519,0.5647,7.4,LANE_FOLLOW
5.76,3.30448,-0.32999,-0.30244,3.77501,-0.39976,0.46899,0.47061,0.00848,-0.04222,0.51972,0.5647,7.4,LANE_FOLLOW
5.78,3.31568,-0.33348,-0.29674,3.825,-0.39818,0.46841,0.49553,0.00839,-0.06131,0.52435,0.55223,7.4,LANE_FOLLOW
5.8,3.32681,-0.33689,-0.29098,3.825,-0.39818,0.46761,0.49553,0.00767,-0.05555,0.52881,0.55223,7.4,LANE_FOLLOW
5.82,3.33791,-0.34021,-0.28518,3.825,-0.39818,0.4669,0.49553,0.00703,-0.04976,0.53316,0.55223,7.4,LANE_FOLLOW
5.84,3.34896,-0.34345,-0.27935,3.825,-0.39818,0.46627,0.49553,0.00646,-0.04393,0.53744,0.55223,7.4,LANE_FOLLOW
5.86,3.35997,-0.34661,-0.27348,3.87492,-0.39503,0.46572,0.52183,0.00648,-0.06418,0.54146,0.53908,7.4,LANE_FOLLOW
5.88,3.37093,-0.34968,-0.26759,3.87492,-0.39503,0.46492,0.52183,0.00575,-0.05829,0.54543,0.53908,7.4,LANE_FOLLOW
5.9,3.38183,-0.35267,-0.26167,3.87492,-0.39503,0.46421,0.52183,0.00509,-0.05237,0.54941,0.53908,7.4,LANE_FOLLOW
5.92,3.3927,-0.35558,-0.25572,3.87492,-0.39503,0.46359,0.52183,0.0045,-0.04642,0.5534,0.53908,7.4,LANE_FOLLOW
5.94,3.40353,-0.35841,-0.24972,3.92472,-0.39035,0.46305,0.54633,0.00466,-0.06778,0.55676,0.52684,7.4,LANE_FOLLOW
5.96,3.4143,-0.36116,-0.24375,3.92472,-0.39035,0.46227,0.54633,0.00391,-0.06181,0.56022,0.52684,7.4,LANE_FOLLOW
5.98,3.42502,-0.36382,-0.23775,3.92472,-0.39035,0.46159,0.54633,0.00322,-0.05581,0.56378,0.52684,7.4,LANE_FOLLOW
6.0,3.4357,-0.36641,-0.23172,3.92472,-0.39035,0.46099,0.54633,0.00261,-0.04977,0.56744,0.52684,7.4,LANE_FOLLOW
6.02,3.44634,-0.36892,-0.22564,3.92472,-0.39035,0.46046,0.54633,0.00207,-0.0437,0.5712,0.52684,7.4,LANE_FOLLOW
6.04,3.45695,-0.37136,-0.21952,3.97435,-0.38416,0.46,0.56852,0.00216,-0.06605,0.57388,0.51574,7.4,LANE_FOLLOW
6.06,3.46751,-0.37371,-0.21347,3.97435,-0.38416,0.45932,0.56852,0.00144,-0.06,0.57682,0.51574,7.4,LANE_FOLLOW
6.08,3.47803,-0.37599,-0.20738,3.97435,-0.38416,0.45873,0.56852,0.0008,-0.05391,0.57997,0.51574,7.4,LANE_FOLLOW
6.1,3.48851,-0.3782,-0.20126,3.97435,-0.38416,0.4582,0.56852,0.00022,-0.04778,0.58331,0.51574,7.4,LANE_FOLLOW
6.12,3.49895,-0.38033,-0.19509,3.97435,-0.38416,0.45774,0.56852,-0.00029,-0.04162,0.58684,0.51574,7.4,LANE_FOLLOW
6.14,3.50937,-0.38239,-0.18888,4.02378,-0.37651,0.45733,0.58793,-0.00025,-0.06485,0.58884,0.50603,7.4,LANE_FOLLOW
6.16,3.51975,-0.38437,-0.18276,4.02378,-0.37651,0.45674,0.58793,-0.00093,-0.05874,0.59122,0.50603,7.4,LANE_FOLLOW
6.18,3.53008,-0.38628,-0.17662,4.02378,-0.37651,0.45622,0.58793,-0.00155,-0.0526,0.59395,0.50603,7.4,LANE_FOLLOW
6.2,3.54038,-0.38812,-0.17043,4.02378,-0.37651,0.45577,0.58793,-0.0021,-0.04641,0.59697,0.50603,7.4,LANE_FOLLOW
6.22,3.55066,-0.38989,-0.1642,4.07298,-0.36746,0.45536,0.6041,-0.00184,-0.07044,0.59819,0.49795,7.4,LANE_FOLLOW
6.24,3.56089,-0.39158,-0.1581,4.07298,-0.36746,0.45481,0.6041,-0.00257,-0.06434,0.59995,0.49795,7.4,LANE_FOLLOW
6.26,3.57108,-0.39321,-0.15197,4.07298,-0.36746,0.45433,0.6041,-0.00324,-0.05821,0.60215,0.49795,7.4,LANE_FOLLOW
6.28,3.58124,-0.39477,-0.14579,4.07298,-0.36746,0.45391,0.6041,-0.00383,-0.05203,0.60473,0.49795,7.4,LANE_FOLLOW
6.3,3.59137,-0.39625,-0.13957,4.07298,-0.36746,0.45353,0.6041,-0.00437,-0.04581,0.60763,0.49795,7.4,LANE_FOLLOW
6.32,3.60148,-0.39767,-0.13331,4.1219,-0.35706,0.4532,0.61664,-0.00411,-0.07044,0.60829,0.49168,7.4,LANE_FOLLOW
6.34,3.61155,-0.39902,-0.12721,4.1219,-0.35706,0.45276,0.61664,-0.00483,-0.06434,0.60959,0.49168,7.4,LANE_FOLLOW
6.36,3.6216,-0.40031,-0.12106,4.1219,-0.35706,0.45237,0.61664,-0.00548,-0.0582,0.61143,0.49168,7.4,LANE_FOLLOW
6.38,3.63161,-0.40153,-0.11488,4.1219,-0.35706,0.45203,0.61664,-0.00607,-0.05201,0.61372,0.49168,7.4,LANE_FOLLOW
6.4,3.64161,-0.40268,-0.10865,4.1219,-0.35706,0.45172,0.61664,-0.00659,-0.04578,0.61639,0.49168,7.4,LANE_FOLLOW
6.42,3.65158,-0.40377,-0.10237,4.17054,-0.34539,0.45146,0.6252,-0.00633,-0.07083,0.6164,0.4874,7.4,LANE_FOLLOW
6.44,3.66153,-0.40479,-0.09627,4.17054,-0.34539,0.45112,0.6252,-0.00703,-0.06473,0.61718,0.4874,7.4,LANE_FOLLOW
6.46,3.67145,-0.40575,-0.09014,4.17054,-0.34539,0.45083,0.6252,-0.00768,-0.0586,0.6186,0.4874,7.4,LANE_FOLLOW
6.48,3.68136,-0.40664,-0.08396,4.17054,-0.34539,0.45056,0.6252,-0.00826,-0.05242,0.62055,0.4874,7.4,LANE_FOLLOW
6.5,3.69124,-0.40748,-0.07773,4.17054,-0.34539,0.45033,0.6252,-0.00878,-0.04619,0.62295,0.4874,7.4,LANE_FOLLOW
6.52,3.70111,-0.40824,-0.07145,4.17054,-0.34539,0.45013,0.62956,-0.00849,-0.07145,0.62574,0.48522,7.4,LANE_FOLLOW
6.54,3.71097,-0.40895,-0.06511,4.17054,-0.34539,0.45,0.62956,-0.00919,-0.06512,0.62886,0.48522,7.4,LANE_FOLLOW
6.56,3.7208,-0.40959,-0.05872,4.17054,-0.34539,0.45,0.62956,-0.00983,-0.05873,0.63227,0.48522,7.4,LANE_FOLLOW
6.58,3.73062,-0.41017,-0.05228,4.17054,-0.34539,0.45,0.62956,-0.01041,-0.05228,0.63595,0.48522,7.4,LANE_FOLLOW
6.6,3.74043,-0.41068,-0.04577,4.17054,-0.34539,0.45,0.62956,-0.01093,-0.04577,0.63987,0.48522,7.4,LANE_FOLLOW
6.62,3.75023,-0.41113,-0.03919,4.21887,-0.33252,0.45,0.6296,-0.01059,-0.07074,0.63933,0.4852,7.4,LANE_FOLLOW
6.64,3.76002,-0.41151,-0.0329,4.21887,-0.33252,0.45,0.6296,-0.01128,-0.06445,0.63978,0.4852,7.4,LANE_FOLLOW
6.66,3.7698,-0.41184,-0.02655,4.21887,-0.33252,0.45,0.6296,-0.01191,-0.05811,0.64105,0.4852,7.4,LANE_FOLLOW
6.68,3.77958,-0.4121,-0.02014,4.21887,-0.33252,0.45,0.6296,-0.01248,-0.05169,0.643,0.4852,7.4,LANE_FOLLOW
6.7,3.78934,-0.41229,-0.01367,4.21887,-0.33252,0.45,0.6296,-0.01298,-0.04522,0.64553,0.4852,7.4,LANE_FOLLOW
6.72,3.7991,-0.41243,-0.00712,4.21887,-0.33252,0.45,0.6296,-0.01342,-0.03867,0.64856,0.4852,7.4,LANE_FOLLOW
6.74,3.80886,-0.4125,-0.0005,4.26689,-0.31851,0.45,0.62531,-0.01327,-0.06339,0.64661,0.48735,7.4,LANE_FOLLOW
6.76,3.81861,-0.4125,0.00578,4.26689,-0.31851,0.45,0.62531,-0.01389,-0.0571,0.64594,0.48735,7.4,LANE_FOLLOW
6.78,3.82836,-0.41244,0.01213,4.26689,-0.31851,0.45,0.62531,-0.01445,-0.05075,0.64634,0.48735,7.4,LANE_FOLLOW
6.8,3.83811,-0.41233,0.01855,4.26689,-0.31851,0.45,0.62531,-0.01494,-0.04433,0.64761,0.48735,7.4,LANE_FOLLOW
6.82,3.84786,-0.41214,0.02505,4.26689,-0.31851,0.45,0.62531,-0.01538,-0.03783,0.64962,0.48735,7.4,LANE_FOLLOW
6.84,3.85761,-0.4119,0.03162,4.36198,-0.28743,0.45053,0.61681,-0.01517,-0.06217,0.64194,0.4916,7.4,LANE_FOLLOW
6.86,3.86736,-0.41159,0.03748,4.36198,-0.28743,0.4512,0.61681,-0.01578,-0.0563,0.63655,0.4916,7.4,LANE_FOLLOW
6.88,3.87713,-0.41123,0.04341,4.36198,-0.28743,0.4517,0.61681,-0.01633,-0.05037,0.63301,0.4916,7.4,LANE_FOLLOW
6.9,3.88689,-0.4108,0.04941,4.36198,-0.28743,0.45205,0.61681,-0.01682,-0.04438,0.63097,0.4916,7.4,LANE_FOLLOW
6.92,3.89666,-0.41032,0.05546,4.36198,-0.28743,0.45232,0.61681,-0.01725,-0.03832,0.63016,0.4916,7.4,LANE_FOLLOW
6.94,3.90644,-0.40978,0.06159,4.40904,-0.27048,0.45364,0.60432,-0.01701,-0.06247,0.62552,0.49784,7.4,LANE_FOLLOW
6.96,3.91623,-0.40917,0.06742,4.40904,-0.27048,0.45472,0.60432,-0.01763,-0.05664,0.62254,0.49784,7.4,LANE_FOLLOW
6.98,3.92603,-0.40851,0.07332,4.40904,-0.27048,0.45552,0.60432,-0.01818,-0.05074,0.62093,0.49784,7.4,LANE_FOLLOW
7.0,3.93584,-0.40779,0.07928,4.40904,-0.27048,0.4561,0.60432,-0.01868,-0.04478,0.62043,0.49784,7.4,LANE_FOLLOW
7.02,3.94567,-0.40701,0.08532,4.40904,-0.27048,0.45654,0.60432,-0.01912,-0.03874,0.62084,0.49784,7.4,LANE_FOLLOW
7.04,3.9555,-0.40617,0.09142,4.45579,-0.2527,0.45833,0.58818,-0.01886,-0.0621,0.6169,0.50591,7.4,LANE_FOLLOW
7.06,3.96535,-0.40526,0.09721,4.45579,-0.2527,0.45979,0.58818,-0.01948,-0.05631,0.61449,0.50591,7.4,LANE_FOLLOW
7.08,3.97523,-0.4043,0.10308,4.45579,-0.2527,0.46087,0.58818,-0.02004,-0.05044,0.61331,0.50591,7.4,LANE_FOLLOW
7.1,3.98512,-0.40328,0.10902,4.45579,-0.2527,0.46167,0.58818,-0.02054,-0.0445,0.61315,0.50591,7.4,LANE_FOLLOW
7.12,3.99503,-0.40219,0.11503,4.45579,-0.2527,0.46227,0.58818,-0.02098,-0.03849,0.61384,0.50591,7.4,LANE_FOLLOW
7.14,4.00495,-0.40105,0.12111,4.50225,-0.23417,0.46447,0.56879,-0.02072,-0.06089,0.60985,0.51561,7.4,LANE_FOLLOW
7.16,4.0149,-0.39984,0.12687,4.50225,-0.23417,0.46628,0.56879,-0.02133,-0.05514,0.60738,0.51561,7.4,LANE_FOLLOW
7.18,4.02487,-0.39856,0.13269,4.50225,-0.23417,0.46761,0.56879,-0.02188,-0.04931,0.60616,0.51561,7.4,LANE_FOLLOW
7.2,4.03487,-0.39723,0.1386,4.50225,-0.23417,0.46861,0.56879,-0.02238,-0.04341,0.60597,0.51561,7.4,LANE_FOLLOW
7.22,4.04489,-0.39583,0.14458,4.50225,-0.23417,0.46936,0.56879,-0.02282,-0.03742,0.60662,0.51561,7.4,LANE_FOLLOW
7.24,4.05492,-0.39437,0.15065,4.54844,-0.21497,0.47193,0.54659,-0.02257,-0.05873,0.60235,0.52671,7.4,LANE_FOLLOW
7.26,4.06498,-0.39284,0.15635,4.54844,-0.21497,0.47404,0.54659,-0.02317,-0.05302,0.59966,0.52671,7.4,LANE_FOLLOW
7.28,4.07508,-0.39125,0.16214,4.54844,-0.21497,0.4756,0.54659,-0.02371,-0.04723,0.59825,0.52671,7.4,LANE_FOLLOW
7.3,4.08521,-0.3896,0.16801,4.54844,-0.21497,0.47676,0.54659,-0.0242,-0.04136,0.5979,0.52671,7.4,LANE_FOLLOW
7.32,4.09536,-0.38787,0.17396,4.54844,-0.21497,0.47764,0.54659,-0.02462,-0.03541,0.59843,0.52671,7.4,LANE_FOLLOW
7.34,4.10552,-0.38609,0.18,4.59437,-0.19516,0.48053,0.52206,-0.0244,-0.05552,0.59382,0.53897,7.4,LANE_FOLLOW
7.36,4.11573,-0.38423,0.18565,4.59437,-0.19516,0.48289,0.52206,-0.02498,-0.04986,0.59085,0.53897,7.4,LANE_FOLLOW
7.38,4.12598,-0.38231,0.19139,4.59437,-0.19516,0.48464,0.52206,-0.0255,-0.04412,0.58922,0.53897,7.4,LANE_FOLLOW
7.4,4.13625,-0.38032,0.19722,4.59437,-0.19516,0.48595,0.52206,-0.02596,-0.0383,0.58869,0.53897,7.4,LANE_FOLLOW
7.42,4.14655,-0.37826,0.20313,4.59437,-0.19516,0.48694,0.52206,-0.02636,-0.03239,0.58907,0.53897,7.4,LANE_FOLLOW
7.44,4.15687,-0.37613,0.20912,4.64007,-0.17481,0.49008,0.4957,-0.02619,-0.05121,0.58411,0.55215,7.4,LANE_FOLLOW
7.46,4.16723,-0.37393,0.21471,4.64007,-0.17481,0.49264,0.4957,-0.02673,-0.04562,0.58085,0.55215,7.4,LANE_FOLLOW
7.48,4.17763,-0.37167,0.22039,4.64007,-0.17481,0.49455,0.4957,-0.02721,-0.03994,0.57899,0.55215,7.4,LANE_FOLLOW
7.5,4.18807,-0.36933,0.22615,4.64007,-0.17481,0.49598,0.4957,-0.02764,-0.03417,0.57828,0.55215,7.4,LANE_FOLLOW
7.52,4.19853,-0.36692,0.23201,4.64007,-0.17481,0.49706,0.4957,-0.02801,-0.02832,0.5785,0.55215,7.4,LANE_FOLLOW
7.54,4.20901,-0.36444,0.23795,4.73082,-0.13272,0.5004,0.46795,-0.02789,-0.0458,0.56816,0.56602,7.4,LANE_FOLLOW
7.56,4.21954,-0.36189,0.24303,4.73082,-0.13272,0.50312,0.46795,-0.02839,-0.04071,0.56048,0.56602,7.4,LANE_FOLLOW
7.58,4.23011,-0.35927,0.2482,4.73082,-0.13272,0.50515,0.46795,-0.02883,-0.03555,0.55495,0.56602,7.4,LANE_FOLLOW
7.6,4.24072,-0.35658,0.25344,4.73082,-0.13272,0.50667,0.46795,-0.02922,-0.03031,0.55117,0.56602,7.4,LANE_FOLLOW
7.62,4.25136,-0.35383,0.25875,4.77594,-0.11113,0.51041,0.43927,-0.029,-0.04697,0.5438,0.58037,7.4,LANE_FOLLOW
7.64,4.26205,-0.351,0.26373,4.77594,-0.11113,0.51344,0.43927,-0.02952,-0.04199,0.53848,0.58037,7.4,LANE_FOLLOW
7.66,4.27279,-0.3481,0.26879,4.77594,-0.11113,0.5157,0.43927,-0.02998,-0.03694,0.53482,0.58037,7.4,LANE_FOLLOW
7.68,4.28357,-0.34513,0.27392,4.77594,-0.11113,0.5174,0.43927,-0.0304,-0.0318,0.53251,0.58037,7.4,LANE_FOLLOW
7.7,4.29438,-0.34209,0.27913,4.77594,-0.11113,0.51869,0.43927,-0.03075,-0.02659,0.53131,0.58037,7.4,LANE_FOLLOW
7.72,4.30522,-0.33898,0.28442,4.82092,-0.08925,0.52214,0.41201,-0.03065,-0.04182,0.52577,0.594,7.4,LANE_FOLLOW
7.74,4.31611,-0.3358,0.28934,4.82092,-0.08925,0.52495,0.41201,-0.03112,-0.0369,0.52191,0.594,7.4,LANE_FOLLOW
7.76,4.32705,-0.33254,0.29433,4.82092,-0.08925,0.52706,0.41201,-0.03154,-0.0319,0.51943,0.594,7.4,LANE_FOLLOW
7.78,4.33802,-0.32922,0.29941,4.82092,-0.08925,0.52864,0.41201,-0.03191,-0.02683,0.51806,0.594,7.4,LANE_FOLLOW
7.8,4.34902,-0.32582,0.30456,4.86579,-0.06714,0.53224,0.3855,-0.03173,-0.04111,0.5124,0.60725,7.4,LANE_FOLLOW
7.82,4.36008,-0.32234,0.30933,4.86579,-0.06714,0.53515,0.3855,-0.03221,-0.03634,0.50843,0.60725,7.4,LANE_FOLLOW
7.84,4.37118,-0.3188,0.31418,4.86579,-0.06714,0.53733,0.3855,-0.03263,-0.03149,0.50582,0.60725,7.4,LANE_FOLLOW
7.86,4.38232,-0.31518,0.31911,4.86579,-0.06714,0.53898,0.3855,-0.033,-0.02656,0.50434,0.60725,7.4,LANE_FOLLOW
7.88,4.39348,-0.31149,0.32411,4.86579,-0.06714,0.54023,0.3855,-0.03331,-0.02156,0.50379,0.60725,7.4,LANE_FOLLOW
7.9,4.40468,-0.30773,0.32919,4.91058,-0.04485,0.54397,0.35477,-0.03326,-0.03424,0.49852,0.62262,7.4,LANE_FOLLOW
7.92,4.41592,-0.30389,0.33385,4.91058,-0.04485,0.54703,0.35477,-0.03367,-0.02957,0.49487,0.62262,7.4,LANE_FOLLOW
7.94,4.42721,-0.29997,0.3386,4.91058,-0.04485,0.54931,0.35477,-0.03402,-0.02482,0.49252,0.62262,7.4,LANE_FOLLOW
7.96,4.43854,-0.29598,0.34342,4.9553,-0.02245,0.55103,0.35477,-0.03432,-0.02,0.4861,0.62262,7.4,LANE_FOLLOW
7.98,4.4499,-0.29192,0.34784,5.0,0.0,0.55529,0.32198,-0.03425,-0.03162,0.47704,0.63901,7.4,LANE_FOLLOW
8.0,4.46132,-0.28778,0.35192,5.0,0.0,0.55876,0.32198,-0.03463,-0.02755,0.47025,0.63901,7.4,LANE_FOLLOW
8.02,4.47279,-0.28357,0.35607,5.0,0.0,0.56134,0.32198,-0.03497,-0.0234,0.46527,0.63901,7.4,LANE_FOLLOW
8.04,4.4843,-0.27928,0.36028,5.0,0.0,0.56328,0.32198,-0.03526,-0.01919,0.46176,0.63901,7.4,LANE_FOLLOW
8.06,4.49585,-0.27493,0.36456,5.0447,0.02245,0.56748,0.29169,-0.03518,-0.02949,0.45501,0.65415,7.4,LANE_FOLLOW
8.08,4.50747,-0.2705,0.36849,5.0447,0.02245,0.57089,0.29169,-0.03555,-0.02556,0.45004,0.65415,7.4,LANE_FOLLOW
8.1,4.51914,-0.26599,0.37248,5.0447,0.02245,0.57343,0.29169,-0.03587,-0.02157,0.44651,0.65415,7.4,LANE_FOLLOW
8.12,4.53085,-0.26142,0.37654,5.0447,0.02245,0.57535,0.29169,-0.03614,-0.01751,0.44414,0.65415,7.4,LANE_FOLLOW
8.14,4.5426,-0.25677,0.38066,5.08942,0.04485,0.57635,0.26313,-0.03608,-0.02654,0.43826,0.66844,7.4,LANE_FOLLOW
8.16,4.55441,-0.25205,0.38442,5.08942,0.04485,0.57722,0.26313,-0.03641,-0.02278,0.43397,0.66844,7.4,LANE_FOLLOW
8.18,4.56628,-0.24725,0.38824,5.08942,0.04485,0.57798,0.26313,-0.0367,-0.01896,0.43096,0.66844,7.4,LANE_FOLLOW
8.2,4.57818,-0.24238,0.39213,5.08942,0.04485,0.57865,0.26313,-0.03695,-0.01507,0.429,0.66844,7.4,LANE_FOLLOW
8.22,4.59013,-0.23744,0.39607,5.13421,0.06714,0.57924,0.23584,-0.0369,-0.02288,0.4234,0.68208,7.4,LANE_FOLLOW
8.24,4.60213,-0.23242,0.39964,5.13421,0.06714,0.58009,0.23584,-0.0372,-0.01932,0.4193,0.68208,7.4,LANE_FOLLOW
8.26,4.61418,-0.22733,0.40327,5.13421,0.06714,0.58083,0.23584,-0.03745,-0.01569,0.41643,0.68208,7.4,LANE_FOLLOW
8.28,4.62627,-0.22217,0.40695,5.13421,0.06714,0.58149,0.23584,-0.03765,-0.01201,0.41456,0.68208,7.4,LANE_FOLLOW
8.3,4.6384,-0.21694,0.4107,5.17908,0.08925,0.58207,0.21071,-0.03761,-0.01878,0.40898,0.69465,7.4,LANE_FOLLOW
8.32,4.65059,-0.21163,0.41404,5.17908,0.08925,0.58288,0.21071,-0.03786,-0.01544,0.40487,0.69465,7.4,LANE_FOLLOW
8.34,4.66282,-0.20626,0.41745,5.17908,0.08925,0.58359,0.21071,-0.03807,-0.01203,0.40198,0.69465,7.4,LANE_FOLLOW
8.36,4.67508,-0.20082,0.4209,5.17908,0.08925,0.58422,0.21071,-0.03823,-0.00857,0.40006,0.69465,7.4,LANE_FOLLOW
8.38,4.68739,-0.19531,0.42442,5.22406,0.11113,0.58477,0.18416,-0.0382,-0.01442,0.39438,0.70792,7.4,LANE_FOLLOW
8.4,4.69974,-0.18973,0.42752,5.22406,0.11113,0.58557,0.18416,-0.0384,-0.01132,0.39018,0.70792,7.4,LANE_FOLLOW
8.42,4.71214,-0.18408,0.43067,5.22406,0.11113,0.58628,0.18416,-0.03855,-0.00817,0.38718,0.70792,7.4,LANE_FOLLOW
8.44,4.72458,-0.17836,0.43388,5.22406,0.11113,0.5869,0.18416,-0.03866,-0.00496,0.38516,0.70792,7.4,LANE_FOLLOW
8.46,4.73705,-0.17259,0.43714,5.26918,0.13272,0.58745,0.15439,-0.03864,-0.00931,0.37933,0.72281,7.4,LANE_FOLLOW
8.48,4.74958,-0.16673,0.43996,5.26918,0.13272,0.58829,0.15439,-0.03877,-0.00648,0.37499,0.72281,7.4,LANE_FOLLOW
8.5,4.76216,-0.16081,0.44284,5.26918,0.13272,0.58903,0.15439,-0.03886,-0.0036,0.37185,0.72281,7.4,LANE_FOLLOW
8.52,4.77478,-0.15482,0.44577,5.31446,0.15398,0.58968,0.1265,-0.03879,-0.007,0.36529,0.73675,7.4,LANE_FOLLOW
8.54,4.78747,-0.14876,0.44827,5.31446,0.15398,0.59019,0.1265,-0.03888,-0.00449,0.36032,0.73675,7.4,LANE_FOLLOW
8.56,4.80021,-0.14264,0.45082,5.31446,0.15398,0.58912,0.1265,-0.03895,-0.00194,0.35663,0.73675,7.4,LANE_FOLLOW
8.58,4.81299,-0.13645,0.45342,5.31446,0.15398,0.58852,0.1265,-0.03897,0.00065,0.35398,0.73675,7.4,LANE_FOLLOW
8.6,4.82582,-0.13019,0.45606,5.35993,0.17481,0.58528,0.10161,-0.0389,-0.00177,0.34774,0.7492,7.4,LANE_FOLLOW
8.62,4.83871,-0.12387,0.45825,5.35993,0.17481,0.58342,0.10161,-0.03892,0.00042,0.34299,0.7492,7.4,LANE_FOLLOW
8.64,4.85165,-0.11749,0.46049,5.35993,0.17481,0.58227,0.10161,-0.03892,0.00266,0.33945,0.7492,7.4,LANE_FOLLOW
8.66,4.86463,-0.11105,0.46276,5.40563,0.19516,0.57883,0.07709,-0.0388,0.00105,0.33263,0.76146,7.4,LANE_FOLLOW
8.68,4.87768,-0.10454,0.4646,5.40563,0.19516,0.57683,0.07709,-0.03878,0.00289,0.32738,0.76146,7.4,LANE_FOLLOW
8.7,4.89078,-0.09797,0.46647,5.40563,0.19516,0.57559,0.07709,-0.03874,0.00476,0.32339,0.76146,7.4,LANE_FOLLOW
8.72,4.90393,-0.09135,0.46838,5.40563,0.19516,0.57486,0.07709,-0.03867,0.00667,0.32042,0.76146,7.4,LANE_FOLLOW
8.74,4.91712,-0.08468,0.47031,5.45156,0.21497,0.57209,0.05139,-0.03854,0.00601,0.31398,0.7743,7.4,LANE_FOLLOW
8.76,4.93038,-0.07794,0.47179,5.45156,0.21497,0.57056,0.05139,-0.03845,0.00749,0.30899,0.7743,7.4,LANE_FOLLOW
8.78,4.94368,-0.07115,0.4733,5.45156,0.21497,0.56964,0.05139,-0.03834,0.00899,0.30518,0.7743,7.4,LANE_FOLLOW
8.8,4.95704,-0.06431,0.47484,5.49775,0.23417,0.56667,0.02504,-0.03818,0.00932,0.29819,0.78748,7.4,LANE_FOLLOW
8.82,4.97046,-0.05741,0.47592,5.49775,0.23417,0.56502,0.02504,-0.03804,0.0104,0.29272,0.78748,7.4,LANE_FOLLOW
8.84,4.98394,-0.05046,0.47702,5.49775,0.23417,0.56403,0.02504,-0.03789,0.01151,0.28847,0.78748,7.4,LANE_FOLLOW
8.86,4.99748,-0.04347,0.47814,5.54421,0.2527,0.5609,0.0,-0.03771,0.01263,0.28125,0.8,7.4,LANE_FOLLOW
8.88,5.01109,-0.03642,0.47882,5.54421,0.2527,0.55912,0.0,-0.03752,0.01331,0.27555,0.8,7.4,LANE_FOLLOW
8.9,5.02476,-0.02932,0.47951,5.54421,0.2527,0.55804,0.0,-0.03731,0.014,0.27107,0.8,7.4,LANE_FOLLOW
8.92,5.03849,-0.02218,0.48021,5.54421,0.2527,0.55743,0.0,-0.03709,0.0147,0.26756,0.8,7.4,LANE_FOLLOW
8.94,5.05227,-0.015,0.48093,5.59096,0.27048,0.55463,0.02504,-0.03688,0.01662,0.26085,0.78748,7.4,LANE_FOLLOW
8.96,5.06607,-0.0078,0.48117,5.59096,0.27048,0.55249,0.02504,-0.03662,0.01686,0.2555,0.78748,7.4,LANE_FOLLOW
8.98,5.07988,-0.00059,0.48142,5.59096,0.27048,0.55104,0.02504,-0.03636,0.01711,0.25125,0.78748,7.4,LANE_FOLLOW
9.0,5.09371,0.00664,0.48167,5.59096,0.27048,0.54769,0.05139,-0.03612,0.01996,0.24788,0.7743,7.4,LANE_FOLLOW
9.02,5.10753,0.01386,0.48193,5.59096,0.27048,0.54507,0.05139,-0.03581,0.02022,0.24522,0.7743,7.4,LANE_FOLLOW
9.04,5.12133,0.02108,0.48219,5.59096,0.27048,0.54321,0.05139,-0.0355,0.02048,0.24312,0.7743,7.4,LANE_FOLLOW
9.06,5.13512,0.0283,0.48245,5.63802,0.28743,0.53968,0.07709,-0.03524,0.02462,0.23697,0.76146,7.4,LANE_FOLLOW
9.08,5.14888,0.0355,0.48218,5.63802,0.28743,0.53689,0.07709,-0.03486,0.02435,0.23202,0.76146,7.4,LANE_FOLLOW
9.1,5.1626,0.04269,0.4819,5.63802,0.28743,0.53486,0.07709,-0.03448,0.02407,0.22802,0.76146,7.4,LANE_FOLLOW
9.12,5.1763,0.04985,0.48162,5.68541,0.30346,0.53138,0.10161,-0.03421,0.02885,0.22054,0.7492,7.4,LANE_FOLLOW
9.14,5.18996,0.05699,0.48083,5.68541,0.30346,0.5286,0.10161,-0.03377,0.02806,0.21446,0.7492,7.4,LANE_FOLLOW
9.16,5.20357,0.06409,0.48003,5.68541,0.30346,0.52655,0.10161,-0.03334,0.02726,0.20949,0.7492,7.4,LANE_FOLLOW
9.18,5.21715,0.07116,0.47922,5.73311,0.31851,0.52327,0.1265,-0.03307,0.03277,0.20144,0.73675,7.4,LANE_FOLLOW
9.2,5.23068,0.07819,0.47793,5.73311,0.31851,0.52061,0.1265,-0.03257,0.03149,0.19484,0.73675,7.4,LANE_FOLLOW
9.22,5.24416,0.08517,0.47663,5.73311,0.31851,0.51863,0.1265,-0.03209,0.03019,0.1894,0.73675,7.4,LANE_FOLLOW
9.24,5.25761,0.09212,0.47532,5.73311,0.31851,0.51712,0.1265,-0.03163,0.02888,0.18488,0.73675,7.4,LANE_FOLLOW
9.26,5.27102,0.09902,0.47399,5.78113,0.33252,0.51453,0.15439,-0.0313,0.03515,0.1772,0.72281,7.4,LANE_FOLLOW
9.28,5.28438,0.10587,0.4722,5.78113,0.33252,0.51229,0.15439,-0.03077,0.03336,0.17084,0.72281,7.4,LANE_FOLLOW
9.3,5.29769,0.11267,0.47038,5.78113,0.33252,0.5106,0.15439,-0.03027,0.03154,0.16552,0.72281,7.4,LANE_FOLLOW
9.32,5.31096,0.11942,0.46855,5.82946,0.34539,0.50817,0.18416,-0.02997,0.03907,0.15745,0.70792,7.4,LANE_FOLLOW
9.34,5.32416,0.1261,0.4663,5.82946,0.34539,0.50601,0.18416,-0.02939,0.03682,0.15071,0.70792,7.4,LANE_FOLLOW
9.36,5.33732,0.13272,0.46402,5.82946,0.34539,0.50434,0.18416,-0.02885,0.03454,0.14503,0.70792,7.4,LANE_FOLLOW
9.38,5.35043,0.13928,0.46172,5.8781,0.35706,0.50227,0.21071,-0.02858,0.04276,0.13692,0.69465,7.4,LANE_FOLLOW
9.4,5.36347,0.14577,0.45903,5.8781,0.35706,0.50039,0.21071,-0.02796,0.04007,0.13011,0.69465,7.4,LANE_FOLLOW
9.42,5.37646,0.15219,0.45632,5.82946,0.34539,0.49891,0.21071,-0.02738,0.03736,0.12791,0.69465,7.4,LANE_FOLLOW
9.44,5.3894,0.15855,0.45398,5.82946,0.34539,0.49772,0.21071,-0.02684,0.03503,0.12581,0.69465,7.4,LANE_FOLLOW
9.46,5.40231,0.16484,0.45162,5.8781,0.35706,0.49638,0.23584,-0.02652,0.04442,0.11986,0.68208,7.4,LANE_FOLLOW
9.48,5.41515,0.17107,0.4488,5.8781,0.35706,0.49503,0.23584,-0.02588,0.0416,0.1147,0.68208,7.4,LANE_FOLLOW
9.5,5.42794,0.17723,0.44595,5.8781,0.35706,0.49394,0.23584,-0.02529,0.03875,0.11018,0.68208,7.4,LANE_FOLLOW
9.52,5.44069,0.18333,0.44308,5.92702,0.36746,0.49303,0.26313,-0.02504,0.04903,0.10269,0.66844,7.4,LANE_FOLLOW
9.54,5.45338,0.18935,0.43979,5.92702,0.36746,0.49196,0.26313,-0.02435,0.04575,0.09625,0.66844,7.4,LANE_FOLLOW
9.56,5.46602,0.19529,0.43648,5.92702,0.36746,0.49105,0.26313,-0.02371,0.04243,0.09064,0.66844,7.4,LANE_FOLLOW
9.58,5.47861,0.20117,0.43314,5.92702,0.36746,0.49026,0.26313,-0.02312,0.03909,0.08568,0.66844,7.4,LANE_FOLLOW
9.6,5.49116,0.20697,0.42976,5.97622,0.37651,0.48958,0.29169,-0.02282,0.0503,0.07809,0.65415,7.4,LANE_FOLLOW
9.62,5.50366,0.2127,0.42602,5.97622,0.37651,0.48866,0.29169,-0.02213,0.04655,0.07151,0.65415,7.4,LANE_FOLLOW
9.64,5.5161,0.21835,0.42224,5.97622,0.37651,0.48785,0.29169,-0.0215,0.04277,0.06571,0.65415,7.4,LANE_FOLLOW
9.66,5.52851,0.22392,0.41843,5.97622,0.37651,0.48715,0.29169,-0.02091,0.03896,0.06053,0.65415,7.4,LANE_FOLLOW
9.68,5.54087,0.22942,0.41457,6.02565,0.38416,0.48653,0.32198,-0.02057,0.05115,0.05306,0.63901,7.4,LANE_FOLLOW
9.7,5.55318,0.23484,0.4104,6.02565,0.38416,0.48563,0.32198,-0.01988,0.04697,0.04651,0.63901,7.4,LANE_FOLLOW
9.72,5.56544,0.24017,0.40619,6.02565,0.38416,0.48483,0.32198,-0.01926,0.04277,0.04069,0.63901,7.4,LANE_FOLLOW
9.74,5.57766,0.24543,0.40194,6.07528,0.39035,0.48413,0.35477,-0.01906,0.05627,0.03312,0.62262,7.4,LANE_FOLLOW
9.76,5.58981,0.25059,0.39743,6.07528,0.39035,0.48313,0.35477,-0.01832,0.05176,0.02646,0.62262,7.4,LANE_FOLLOW
9.78,5.6019,0.25567,0.39288,6.07528,0.39035,0.48225,0.35477,-0.01764,0.04721,0.02052,0.62262,7.4,LANE_FOLLOW
9.8,5.61394,0.26066,0.3883,6.07528,0.39035,0.48147,0.35477,-0.01703,0.04263,0.01512,0.62262,7.4,LANE_FOLLOW
9.82,5.62594,0.26557,0.38368,6.12508,0.39503,0.48079,0.3855,-0.01684,0.05744,0.00823,0.60725,7.4,LANE_FOLLOW
9.84,5.63788,0.27038,0.37883,6.12508,0.39503,0.47982,0.3855,-0.0161,0.0526,0.00208,0.60725,7.4,LANE_FOLLOW
9.86,5.64975,0.27511,0.37396,6.12508,0.39503,0.47897,0.3855,-0.01543,0.04772,-0.00351,0.60725,7.4,LANE_FOLLOW
9.88,5.66159,0.27975,0.36905,6.12508,0.39503,0.47821,0.3855,-0.01482,0.04281,-0.00867,0.60725,7.4,LANE_FOLLOW
9.9,5.67338,0.28431,0.36409,6.175,0.39818,0.47755,0.41201,-0.01464,0.05837,-0.015,0.594,7.4,LANE_FOLLOW
9.92,5.68511,0.28879,0.35896,6.175,0.39818,0.47665,0.41201,-0.0139,0.05323,-0.02074,0.594,7.4,LANE_FOLLOW
9.94,5.69679,0.29317,0.35379,6.175,0.39818,0.47586,0.41201,-0.01324,0.04807,-0.02604,0.594,7.4,LANE_FOLLOW
9.96,5.70842,0.29746,0.34858,6.175,0.39818,0.47516,0.41201,-0.01264,0.04286,-0.03101,0.594,7.4,LANE_FOLLOW
9.98,5.72002,0.30168,0.34333,6.22499,0.39976,0.47454,0.43927,-0.0125,0.05959,-0.03678,0.58037,7.4,LANE_FOLLOW
10.0,5.73156,0.30581,0.33795,6.22499,0.39976,0.47368,0.43927,-0.01177,0.0542,-0.04212,0.58037,7.4,LANE_FOLLOW
10.02,5.74305,0.30984,0.33253,6.22499,0.39976,0.47292,0.43927,-0.01111,0.04878,-0.04713,0.58037,7.4,LANE_FOLLOW
10.04,5.7545,0.3138,0.32707,6.22499,0.39976,0.47224,0.43927,-0.01052,0.04332,-0.0519,0.58037,7.4,LANE_FOLLOW
10.06,5.76592,0.31767,0.32156,6.27501,0.39976,0.47165,0.46795,-0.01043,0.06124,-0.05711,0.56602,7.4,LANE_FOLLOW
10.08,5.77727,0.32145,0.31597,6.27501,0.39976,0.47079,0.46795,-0.0097,0.05565,-0.06201,0.56602,7.4,LANE_FOLLOW
10.1,5.78857,0.32515,0.31034,6.27501,0.39976,0.47003,0.46795,-0.00904,0.05002,-0.0667,0.56602,7.4,LANE_FOLLOW
10.12,5.79983,0.32876,0.30468,6.27501,0.39976,0.46936,0.46795,-0.00845,0.04435,-0.07123,0.56602,7.4,LANE_FOLLOW
10.14,5.81105,0.33229,0.29897,6.325,0.39818,0.46877,0.4957,-0.00845,0.06346,-0.07585,0.55215,7.4,LANE_FOLLOW
10.16,5.82221,0.33573,0.29321,6.325,0.39818,0.46792,0.4957,-0.00771,0.0577,-0.08029,0.55215,7.4,LANE_FOLLOW
10.18,5.83332,0.33908,0.28742,6.325,0.39818,0.46717,0.4957,-0.00704,0.05191,-0.08462,0.55215,7.4,LANE_FOLLOW
10.2,5.84439,0.34235,0.2816,6.325,0.39818,0.46651,0.4957,-0.00644,0.04608,-0.08888,0.55215,7.4,LANE_FOLLOW
10.22,5.85542,0.34554,0.27573,6.37492,0.39504,0.46592,0.52206,-0.00655,0.06635,-0.09288,0.53897,7.4,LANE_FOLLOW
10.24,5.86638,0.34865,0.26985,6.37492,0.39504,0.4651,0.52206,-0.0058,0.06048,-0.09683,0.53897,7.4,LANE_FOLLOW
10.26,5.8773,0.35166,0.26395,6.37492,0.39504,0.46437,0.52206,-0.00511,0.05457,-0.10077,0.53897,7.4,LANE_FOLLOW
10.28,5.88817,0.3546,0.25801,6.37492,0.39504,0.46373,0.52206,-0.0045,0.04863,-0.10473,0.53897,7.4,LANE_FOLLOW
10.3,5.899,0.35746,0.25202,6.37492,0.39504,0.46316,0.52206,-0.00396,0.04265,-0.10872,0.53897,7.4,LANE_FOLLOW
10.32,5.90981,0.36024,0.246,6.42472,0.39035,0.46266,0.54659,-0.00398,0.06399,-0.11201,0.52671,7.4,LANE_FOLLOW
10.34,5.92055,0.36294,0.24,6.42472,0.39035,0.46193,0.54659,-0.00327,0.05799,-0.11542,0.52671,7.4,LANE_FOLLOW
10.36,5.93125,0.36556,0.23397,6.42472,0.39035,0.46129,0.54659,-0.00263,0.05197,-0.11896,0.52671,7.4,LANE_FOLLOW
10.38,5.94192,0.3681,0.22791,6.42472,0.39035,0.46072,0.54659,-0.00206,0.0459,-0.12261,0.52671,7.4,LANE_FOLLOW
10.4,5.95254,0.37057,0.2218,6.47435,0.38417,0.46022,0.56879,-0.00226,0.06828,-0.12523,0.51561,7.4,LANE_FOLLOW
10.42,5.96312,0.37295,0.21576,6.47435,0.38417,0.45952,0.56879,-0.00152,0.06223,-0.12811,0.51561,7.4,LANE_FOLLOW
10.44,5.97365,0.37526,0.20968,6.47435,0.38417,0.4589,0.56879,-0.00085,0.05616,-0.1312,0.51561,7.4,LANE_FOLLOW
10.46,5.98413,0.37749,0.20357,6.47435,0.38417,0.45835,0.56879,-0.00024,0.05005,-0.13449,0.51561,7.4,LANE_FOLLOW
10.48,5.99459,0.37965,0.19742,6.47435,0.38417,0.45787,0.56879,0.00029,0.0439,-0.13797,0.51561,7.4,LANE_FOLLOW
10.5,6.00501,0.38173,0.19123,6.52378,0.37652,0.45744,0.58818,0.00014,0.06717,-0.13995,0.50591,7.4,LANE_FOLLOW
10.52,6.01539,0.38374,0.18513,6.52378,0.37652,0.45684,0.58818,0.00085,0.06107,-0.14232,0.50591,7.4,LANE_FOLLOW
10.54,6.02573,0.38568,0.179,6.52378,0.37652,0.4563,0.58818,0.0015,0.05494,-0.14502,0.50591,7.4,LANE_FOLLOW
10.56,6.03603,0.38754,0.17284,6.52378,0.37652,0.45583,0.58818,0.00207,0.04878,-0.14801,0.50591,7.4,LANE_FOLLOW
10.58,6.04631,0.38934,0.16663,6.52378,0.37652,0.45542,0.58818,0.00258,0.04257,-0.15125,0.50591,7.4,LANE_FOLLOW
10.6,6.05656,0.39106,0.16037,6.57298,0.36747,0.45505,0.60432,0.00246,0.06659,-0.15255,0.49784,7.4,LANE_FOLLOW
10.62,6.06677,0.39271,0.15425,6.57298,0.36747,0.45454,0.60432,0.00315,0.06046,-0.15437,0.49784,7.4,LANE_FOLLOW
10.64,6.07694,0.39429,0.14809,6.57298,0.36747,0.45408,0.60432,0.00377,0.05431,-0.15664,0.49784,7.4,LANE_FOLLOW
10.66,6.08708,0.39581,0.14189,6.57298,0.36747,0.45368,0.60432,0.00433,0.04811,-0.15929,0.49784,7.4,LANE_FOLLOW
10.68,6.0972,0.39725,0.13565,6.57298,0.36747,0.45333,0.60432,0.00482,0.04186,-0.16227,0.49784,7.4,LANE_FOLLOW
10.7,6.1073,0.39863,0.12935,6.62191,0.35708,0.45302,0.61681,0.00471,0.06647,-0.16287,0.4916,7.4,LANE_FOLLOW
10.72,6.11736,0.39994,0.12323,6.62191,0.35708,0.4526,0.61681,0.00538,0.06035,-0.16414,0.4916,7.4,LANE_FOLLOW
10.74,6.1274,0.40118,0.11706,6.62191,0.35708,0.45223,0.61681,0.00599,0.05418,-0.16597,0.4916,7.4,LANE_FOLLOW
10.76,6.1374,0.40236,0.11085,6.62191,0.35708,0.4519,0.61681,0.00654,0.04797,-0.16826,0.4916,7.4,LANE_FOLLOW
10.78,6.14739,0.40347,0.1046,6.62191,0.35708,0.45161,0.61681,0.00702,0.04171,-0.17095,0.4916,7.4,LANE_FOLLOW
10.8,6.15736,0.40452,0.09829,6.67054,0.34541,0.45136,0.62531,0.00689,0.06673,-0.17087,0.48735,7.4,LANE_FOLLOW
10.82,6.1673,0.4055,0.09217,6.67054,0.34541,0.45103,0.62531,0.00756,0.06062,-0.17158,0.48735,7.4,LANE_FOLLOW
10.84,6.17722,0.40641,0.08602,6.67054,0.34541,0.45074,0.62531,0.00816,0.05446,-0.17296,0.48735,7.4,LANE_FOLLOW
10.86,6.18712,0.40727,0.07981,6.67054,0.34541,0.45049,0.62531,0.0087,0.04826,-0.17489,0.48735,7.4,LANE_FOLLOW
10.88,6.19701,0.40806,0.07356,6.67054,0.34541,0.45027,0.62531,0.00918,0.04201,-0.17729,0.48735,7.4,LANE_FOLLOW
10.9,6.20687,0.40879,0.06725,6.67054,0.34541,0.45007,0.6296,0.00903,0.06725,-0.18009,0.4852,7.4,LANE_FOLLOW
10.92,6.21672,0.40945,0.06089,6.67054,0.34541,0.45,0.6296,0.00969,0.06088,-0.18324,0.4852,7.4,LANE_FOLLOW
10.94,6.22656,0.41005,0.05447,6.67054,0.34541,0.45,0.6296,0.01029,0.05447,-0.18669,0.4852,7.4,LANE_FOLLOW
10.96,6.23638,0.41058,0.04799,6.67054,0.34541,0.45,0.6296,0.01083,0.04799,-0.19041,0.4852,7.4,LANE_FOLLOW
10.98,6.24619,0.41106,0.04145,6.67054,0.34541,0.45,0.6296,0.0113,0.04144,-0.19439,0.4852,7.4,LANE_FOLLOW
11.0,6.25599,0.41146,0.03484,6.71888,0.33254,0.45,0.62956,0.0111,0.06638,-0.19374,0.48522,7.4,LANE_FOLLOW
11.02,6.26577,0.4118,0.02853,6.71888,0.33254,0.45,0.62956,0.01175,0.06007,-0.19411,0.48522,7.4,LANE_FOLLOW
11.04,6.27555,0.41208,0.02216,6.71888,0.33254,0.45,0.62956,0.01234,0.0537,-0.19533,0.48522,7.4,LANE_FOLLOW
11.06,6.28532,0.4123,0.01572,6.71888,0.33254,0.45,0.62956,0.01286,0.04726,-0.19726,0.48522,7.4,LANE_FOLLOW
11.08,6.29509,0.41245,0.00922,6.71888,0.33254,0.45,0.62956,0.01332,0.04076,-0.19979,0.48522,7.4,LANE_FOLLOW
11.1,6.30485,0.41254,0.00265,6.7669,0.31854,0.45,0.6252,0.01307,0.06551,-0.19758,0.4874,7.4,LANE_FOLLOW
11.12,6.31461,0.41257,-0.0036,6.7669,0.31854,0.45,0.6252,0.01371,0.05926,-0.19669,0.4874,7.4,LANE_FOLLOW
11.14,6.32436,0.41253,-0.00992,6.7669,0.31854,0.45,0.6252,0.01429,0.05295,-0.19689,0.4874,7.4,LANE_FOLLOW
11.16,6.33412,0.41244,-0.0163,6.7669,0.31854,0.45,0.6252,0.0148,0.04656,-0.198,0.4874,7.4,LANE_FOLLOW
11.18,6.34387,0.41228,-0.02276,6.7669,0.31854,0.45,0.6252,0.01526,0.04011,-0.19985,0.4874,7.4,LANE_FOLLOW
11.2,6.35362,0.41206,-0.02929,6.86197,0.28741,0.45059,0.61664,0.01495,0.06447,-0.19233,0.49168,7.4,LANE_FOLLOW
11.22,6.36338,0.41177,-0.03513,6.86197,0.28741,0.45127,0.61664,0.01558,0.05863,-0.18706,0.49168,7.4,LANE_FOLLOW
11.24,6.37315,0.41143,-0.04104,6.86197,0.28741,0.45177,0.61664,0.01615,0.05272,-0.1836,0.49168,7.4,LANE_FOLLOW
11.26,6.38292,0.41102,-0.04701,6.86197,0.28741,0.45213,0.61664,0.01667,0.04675,-0.18161,0.49168,7.4,LANE_FOLLOW
11.28,6.39269,0.41056,-0.05305,6.86197,0.28741,0.45239,0.61664,0.01712,0.04071,-0.18084,0.49168,7.4,LANE_FOLLOW
11.3,6.40247,0.41005,-0.05915,6.90903,0.27046,0.45372,0.6041,0.01679,0.06487,-0.17632,0.49795,7.4,LANE_FOLLOW
11.32,6.41226,0.40947,-0.06497,6.90903,0.27046,0.4548,0.6041,0.01742,0.05906,-0.17343,0.49795,7.4,LANE_FOLLOW
11.34,6.42207,0.40883,-0.07085,6.90903,0.27046,0.4556,0.6041,0.018,0.05317,-0.17188,0.49795,7.4,LANE_FOLLOW
11.36,6.43189,0.40813,-0.0768,6.90903,0.27046,0.45619,0.6041,0.01853,0.04723,-0.17142,0.49795,7.4,LANE_FOLLOW
11.38,6.44172,0.40737,-0.08281,6.90903,0.27046,0.45663,0.6041,0.01899,0.04121,-0.17186,0.49795,7.4,LANE_FOLLOW
11.4,6.45155,0.40656,-0.0889,6.90903,0.27046,0.45696,0.6041,0.0194,0.03512,-0.17304,0.49795,7.4,LANE_FOLLOW
11.42,6.46139,0.40568,-0.09506,6.95579,0.25269,0.45867,0.58793,0.01928,0.05842,-0.16955,0.50603,7.4,LANE_FOLLOW
11.44,6.47125,0.40474,-0.10089,6.95579,0.25269,0.46008,0.58793,0.01986,0.05258,-0.1675,0.50603,7.4,LANE_FOLLOW
11.46,6.48114,0.40374,-0.10679,6.95579,0.25269,0.46112,0.58793,0.02038,0.04668,-0.16664,0.50603,7.4,LANE_FOLLOW
11.48,6.49104,0.40268,-0.11277,6.95579,0.25269,0.46189,0.58793,0.02085,0.0407,-0.16674,0.50603,7.4,LANE_FOLLOW
11.5,6.50095,0.40156,-0.11882,6.95579,0.25269,0.46247,0.58793,0.02125,0.03465,-0.16766,0.50603,7.4,LANE_FOLLOW
11.52,6.51087,0.40037,-0.12495,7.00225,0.23417,0.46466,0.56852,0.02112,0.057,-0.16369,0.51574,7.4,LANE_FOLLOW
11.54,6.52082,0.39912,-0.13073,7.00225,0.23417,0.46645,0.56852,0.02169,0.05122,-0.16125,0.51574,7.4,LANE_FOLLOW
11.56,6.5308,0.39781,-0.13659,7.00225,0.23417,0.46777,0.56852,0.02221,0.04536,-0.16007,0.51574,7.4,LANE_FOLLOW
11.58,6.5408,0.39644,-0.14252,7.00225,0.23417,0.46876,0.56852,0.02267,0.03942,-0.15992,0.51574,7.4,LANE_FOLLOW
11.6,6.55081,0.395,-0.14854,7.00225,0.23417,0.4695,0.56852,0.02306,0.03341,-0.16062,0.51574,7.4,LANE_FOLLOW
11.62,6.56084,0.3935,-0.15463,7.04844,0.21497,0.47207,0.54633,0.02294,0.05467,-0.15623,0.52684,7.4,LANE_FOLLOW
11.64,6.57091,0.39193,-0.16036,7.04844,0.21497,0.47417,0.54633,0.0235,0.04894,-0.15345,0.52684,7.4,LANE_FOLLOW
11.66,6.58101,0.3903,-0.16617,7.04844,0.21497,0.47572,0.54633,0.024,0.04313,-0.15199,0.52684,7.4,LANE_FOLLOW
11.68,6.59113,0.3886,-0.17206,7.04844,0.21497,0.47689,0.54633,0.02444,0.03724,-0.15162,0.52684,7.4,LANE_FOLLOW
11.7,6.60128,0.38683,-0.17803,7.04844,0.21497,0.47777,0.54633,0.02482,0.03127,-0.15213,0.52684,7.4,LANE_FOLLOW
11.72,6.61144,0.38501,-0.18408,7.09438,0.19517,0.48065,0.52183,0.02472,0.05134,-0.14736,0.53908,7.4,LANE_FOLLOW
11.74,6.62164,0.38311,-0.18975,7.09438,0.19517,0.483,0.52183,0.02525,0.04568,-0.14428,0.53908,7.4,LANE_FOLLOW
11.76,6.63188,0.38114,-0.1955,7.09438,0.19517,0.48475,0.52183,0.02573,0.03992,-0.14256,0.53908,7.4,LANE_FOLLOW
11.78,6.64215,0.37911,-0.20134,7.09438,0.19517,0.48606,0.52183,0.02614,0.03409,-0.14198,0.53908,7.4,LANE_FOLLOW
11.8,6.65245,0.37701,-0.20726,7.14007,0.17481,0.48941,0.49553,0.02588,0.05297,-0.13641,0.55223,7.4,LANE_FOLLOW
11.82,6.66279,0.37483,-0.2128,7.14007,0.17481,0.49214,0.49553,0.02643,0.04743,-0.13265,0.55223,7.4,LANE_FOLLOW
11.84,6.67317,0.37259,-0.21842,7.14007,0.17481,0.49417,0.49553,0.02694,0.04181,-0.13038,0.55223,7.4,LANE_FOLLOW
11.86,6.68359,0.37027,-0.22413,7.14007,0.17481,0.49569,0.49553,0.02738,0.0361,-0.12932,0.55223,7.4,LANE_FOLLOW
11.88,6.69404,0.36789,-0.22993,7.14007,0.17481,0.49684,0.49553,0.02777,0.0303,-0.12925,0.55223,7.4,LANE_FOLLOW
11.9,6.70452,0.36544,-0.23581,7.18554,0.15397,0.49997,0.47061,0.02757,0.04783,-0.12387,0.5647,7.4,LANE_FOLLOW
11.92,6.71504,0.36291,-0.24128,7.23082,0.13272,0.50253,0.47061,0.02808,0.04236,-0.11509,0.5647,7.4,LANE_FOLLOW
11.94,6.7256,0.36031,-0.2464,7.23082,0.13272,0.50443,0.47061,0.02854,0.03725,-0.10868,0.5647,7.4,LANE_FOLLOW
11.96,6.73619,0.35765,-0.25159,7.23082,0.13272,0.50587,0.47061,0.02895,0.03205,-0.10417,0.5647,7.4,LANE_FOLLOW
11.98,6.74681,0.35492,-0.25686,7.23082,0.13272,0.50696,0.47061,0.0293,0.02678,-0.10122,0.5647,7.4,LANE_FOLLOW
12.0,6.75746,0.35212,-0.2622,7.27594,0.11113,0.51013,0.44472,0.02917,0.04397,-0.0944,0.57764,7.4,LANE_FOLLOW
12.02,6.76815,0.34925,-0.26719,7.27594,0.11113,0.51273,0.44472,0.02966,0.03898,-0.08952,0.57764,7.4,LANE_FOLLOW
12.04,6.77888,0.34631,-0.27226,7.27594,0.11113,0.51467,0.44472,0.03009,0.03392,-0.08623,0.57764,7.4,LANE_FOLLOW
12.06,6.78965,0.34331,-0.2774,7.27594,0.11113,0.51613,0.44472,0.03047,0.02878,-0.08422,0.57764,7.4,LANE_FOLLOW
12.08,6.80044,0.34024,-0.28261,7.32093,0.08925,0.52012,0.41269,0.03029,0.04407,-0.07816,0.59366,7.4,LANE_FOLLOW
12.1,6.81129,0.33709,-0.28747,7.32093,0.08925,0.52337,0.41269,0.03078,0.03921,-0.07388,0.59366,7.4,LANE_FOLLOW
12.12,6.82219,0.33386,-0.29241,7.32093,0.08925,0.52579,0.41269,0.03123,0.03427,-0.07104,0.59366,7.4,LANE_FOLLOW
12.14,6.83313,0.33057,-0.29743,7.32093,0.08925,0.52761,0.41269,0.03162,0.02926,-0.06937,0.59366,7.4,LANE_FOLLOW
12.16,6.84411,0.32721,-0.30252,7.32093,0.08925,0.52899,0.41269,0.03196,0.02416,-0.06868,0.59366,7.4,LANE_FOLLOW
12.18,6.85511,0.32377,-0.30769,7.36579,0.06714,0.53296,0.38027,0.03188,0.03801,-0.06344,0.60987,7.4,LANE_FOLLOW
12.2,6.86617,0.32026,-0.31248,7.36579,0.06714,0.53622,0.38027,0.03232,0.03323,-0.05981,0.60987,7.4,LANE_FOLLOW
12.22,6.87728,0.31667,-0.31734,7.36579,0.06714,0.53864,0.38027,0.03271,0.02836,-0.05749,0.60987,7.4,LANE_FOLLOW
12.24,6.88842,0.31301,-0.32229,7.36579,0.06714,0.54046,0.38027,0.03304,0.02342,-0.05625,0.60987,7.4,LANE_FOLLOW
12.26,6.89961,0.30927,-0.32731,7.41057,0.04485,0.54452,0.35054,0.03293,0.03593,-0.05059,0.62473,7.4,LANE_FOLLOW
12.28,6.91085,0.30546,-0.33194,7.41057,0.04485,0.54781,0.35054,0.03336,0.0313,-0.0466,0.62473,7.4,LANE_FOLLOW
12.3,6.92214,0.30156,-0.33664,7.4553,0.02245,0.55027,0.35054,0.03373,0.02659,-0.03921,0.62473,7.4,LANE_FOLLOW
12.32,6.93348,0.2976,-0.34098,7.4553,0.02245,0.55212,0.35054,0.03405,0.02225,-0.03378,0.62473,7.4,LANE_FOLLOW
12.34,6.94485,0.29356,-0.34539,7.5,0.0,0.55619,0.32109,0.03392,0.0339,-0.02561,0.63946,7.4,LANE_FOLLOW
12.36,6.95629,0.28945,-0.34946,7.5,0.0,0.55949,0.32109,0.03433,0.02983,-0.01952,0.63946,7.4,LANE_FOLLOW
12.38,6.96777,0.28526,-0.35361,7.5,0.0,0.56195,0.32109,0.03469,0.02568,-0.0151,0.63946,7.4,LANE_FOLLOW
12.4,6.97931,0.281,-0.35782,7.5,0.0,0.56381,0.32109,0.03501,0.02147,-0.01204,0.63946,7.4,LANE_FOLLOW
12.42,6.99088,0.27668,-0.36209,7.5,0.0,0.56523,0.32109,0.03527,0.0172,-0.01008,0.63946,7.4,LANE_FOLLOW
12.44,7.00247,0.27228,-0.36643,7.5447,-0.02246,0.56895,0.29206,0.03528,0.02746,-0.00445,0.65397,7.4,LANE_FOLLOW
12.46,7.01413,0.26781,-0.3704,7.5447,-0.02246,0.57198,0.29206,0.03562,0.02349,-0.00038,0.65397,7.4,LANE_FOLLOW
12.48,7.02583,0.26327,-0.37444,7.5447,-0.02246,0.57425,0.29206,0.03592,0.01945,0.00242,0.65397,7.4,LANE_FOLLOW
12.5,7.03757,0.25865,-0.37855,7.5447,-0.02246,0.57597,0.29206,0.03616,0.01535,0.00418,0.65397,7.4,LANE_FOLLOW
12.52,7.04934,0.25397,-0.38271,7.58942,-0.04485,0.57669,0.26534,0.03617,0.02436,0.0097,0.66733,7.4,LANE_FOLLOW
12.54,7.06117,0.24921,-0.3865,7.58942,-0.04485,0.57749,0.26534,0.03648,0.02057,0.0137,0.66733,7.4,LANE_FOLLOW
12.56,7.07304,0.24438,-0.39035,7.58942,-0.04485,0.57819,0.26534,0.03674,0.01672,0.01646,0.66733,7.4,LANE_FOLLOW
12.58,7.08496,0.23948,-0.39426,7.58942,-0.04485,0.57881,0.26534,0.03696,0.01281,0.01822,0.66733,7.4,LANE_FOLLOW
12.6,7.0969,0.23451,-0.39824,7.63421,-0.06713,0.57936,0.23977,0.03696,0.02097,0.02377,0.68011,7.4,LANE_FOLLOW
12.62,7.1089,0.22946,-0.40182,7.63421,-0.06713,0.58015,0.23977,0.03723,0.01739,0.02782,0.68011,7.4,LANE_FOLLOW
12.64,7.12094,0.22434,-0.40546,7.63421,-0.06713,0.58084,0.23977,0.03746,0.01375,0.03065,0.68011,7.4,LANE_FOLLOW
12.66,7.13302,0.21916,-0.40916,7.67908,-0.08925,0.58145,0.21065,0.03738,0.02058,0.03689,0.69468,7.4,LANE_FOLLOW
12.68,7.14516,0.21389,-0.41247,7.67908,-0.08925,0.58233,0.21065,0.03765,0.01726,0.04153,0.69468,7.4,LANE_FOLLOW
12.7,7.15735,0.20856,-0.41584,7.67908,-0.08925,0.58311,0.21065,0.03788,0.01389,0.04486,0.69468,7.4,LANE_FOLLOW
12.72,7.16959,0.20315,-0.41927,7.67908,-0.08925,0.58379,0.21065,0.03807,0.01047,0.04713,0.69468,7.4,LANE_FOLLOW
12.74,7.18187,0.19768,-0.42275,7.72406,-0.11113,0.5844,0.18032,0.03802,0.01593,0.053,0.70984,7.4,LANE_FOLLOW
12.76,7.1942,0.19213,-0.42584,7.72406,-0.11113,0.58529,0.18032,0.03823,0.01285,0.05735,0.70984,7.4,LANE_FOLLOW
12.78,7.2066,0.18651,-0.42897,7.72406,-0.11113,0.58607,0.18032,0.03841,0.00971,0.06047,0.70984,7.4,LANE_FOLLOW
12.8,7.21903,0.18082,-0.43216,7.72406,-0.11113,0.58677,0.18032,0.03854,0.00652,0.06261,0.70984,7.4,LANE_FOLLOW
12.82,7.23151,0.17507,-0.43541,7.76917,-0.13273,0.58738,0.15295,0.03849,0.01092,0.06842,0.72353,7.4,LANE_FOLLOW
12.84,7.24404,0.16924,-0.43823,7.76917,-0.13273,0.58824,0.15295,0.03865,0.0081,0.07275,0.72353,7.4,LANE_FOLLOW
12.86,7.25663,0.16334,-0.44111,7.76917,-0.13273,0.589,0.15295,0.03876,0.00522,0.07589,0.72353,7.4,LANE_FOLLOW
12.88,7.26926,0.15738,-0.44403,7.76917,-0.13273,0.58967,0.15295,0.03883,0.0023,0.07806,0.72353,7.4,LANE_FOLLOW
12.9,7.28193,0.15135,-0.447,7.81446,-0.15397,0.59026,0.12794,0.03879,0.00569,0.08398,0.73603,7.4,LANE_FOLLOW
12.92,7.29465,0.14525,-0.44954,7.81446,-0.15397,0.58896,0.12794,0.03887,0.00316,0.08844,0.73603,7.4,LANE_FOLLOW
12.94,7.30742,0.13909,-0.45212,7.81446,-0.15397,0.5879,0.12794,0.03891,0.00058,0.0917,0.73603,7.4,LANE_FOLLOW
12.96,7.32023,0.13287,-0.45474,7.85994,-0.1748,0.58491,0.10338,0.03882,0.00319,0.09834,0.74831,7.4,LANE_FOLLOW
12.98,7.3331,0.12657,-0.45693,7.85994,-0.1748,0.58323,0.10338,0.03886,0.001,0.10341,0.74831,7.4,LANE_FOLLOW
13.0,7.34603,0.12022,-0.45916,7.85994,-0.1748,0.5822,0.10338,0.03888,-0.00123,0.10722,0.74831,7.4,LANE_FOLLOW
13.02,7.359,0.11381,-0.46143,7.85994,-0.1748,0.58162,0.10338,0.03886,-0.0035,0.10999,0.74831,7.4,LANE_FOLLOW
13.04,7.37201,0.10734,-0.46373,7.90563,-0.19515,0.57889,0.07705,0.03876,-0.00195,0.11633,0.76147,7.4,LANE_FOLLOW
13.06,7.38508,0.1008,-0.46559,7.90563,-0.19515,0.57739,0.07705,0.03873,-0.0038,0.12118,0.76147,7.4,LANE_FOLLOW
13.08,7.3982,0.09421,-0.46748,7.90563,-0.19515,0.57649,0.07705,0.03868,-0.00569,0.12485,0.76147,7.4,LANE_FOLLOW
13.1,7.41136,0.08756,-0.4694,7.95156,-0.21497,0.57334,0.05022,0.03855,-0.00515,0.13175,0.77489,7.4,LANE_FOLLOW
13.12,7.42459,0.08085,-0.47088,7.95156,-0.21497,0.57156,0.05022,0.03847,-0.00663,0.13711,0.77489,7.4,LANE_FOLLOW
13.14,7.43789,0.07409,-0.47238,7.95156,-0.21497,0.57048,0.05022,0.03837,-0.00813,0.14123,0.77489,7.4,LANE_FOLLOW
13.16,7.45123,0.06727,-0.47391,7.99774,-0.23418,0.56722,0.02511,0.03822,-0.00841,0.14837,0.78744,7.4,LANE_FOLLOW
13.18,7.46464,0.06039,-0.475,7.99774,-0.23418,0.56537,0.02511,0.03809,-0.0095,0.15396,0.78744,7.4,LANE_FOLLOW
13.2,7.47811,0.05346,-0.47612,7.99774,-0.23418,0.56423,0.02511,0.03795,-0.01061,0.15831,0.78744,7.4,LANE_FOLLOW
13.22,7.49164,0.04648,-0.47725,7.99774,-0.23418,0.56358,0.02511,0.03779,-0.01174,0.16165,0.78744,7.4,LANE_FOLLOW
13.24,7.50522,0.03946,-0.4784,8.0442,-0.25271,0.56066,0.0002,0.03761,-0.01285,0.16827,0.7999,7.4,LANE_FOLLOW
13.26,7.51886,0.03239,-0.47909,8.0442,-0.25271,0.55903,0.0002,0.03741,-0.01354,0.17349,0.7999,7.4,LANE_FOLLOW
13.28,7.53257,0.02527,-0.47979,8.0442,-0.25271,0.55804,0.0002,0.0372,-0.01424,0.17758,0.7999,7.4,LANE_FOLLOW
13.3,7.54632,0.01811,-0.48051,8.09097,-0.27047,0.55497,0.02573,0.037,-0.01627,0.18471,0.78714,7.4,LANE_FOLLOW
13.32,7.5601,0.01093,-0.48076,8.09097,-0.27047,0.55265,0.02573,0.03675,-0.01652,0.19037,0.78714,7.4,LANE_FOLLOW
13.34,7.5739,0.00374,-0.48102,8.09097,-0.27047,0.55107,0.02573,0.03649,-0.01678,0.19488,0.78714,7.4,LANE_FOLLOW
13.36,7.58771,-0.00347,-0.48129,8.09097,-0.27047,0.54764,0.05119,0.03628,-0.01962,0.19845,0.77441,7.4,LANE_FOLLOW
13.38,7.60151,-0.01068,-0.48155,8.09097,-0.27047,0.54497,0.05119,0.03598,-0.01988,0.20127,0.77441,7.4,LANE_FOLLOW
13.4,7.6153,-0.01789,-0.48182,8.09097,-0.27047,0.54308,0.05119,0.03567,-0.02015,0.2035,0.77441,7.4,LANE_FOLLOW
13.42,7.62908,-0.0251,-0.4821,8.13803,-0.28741,0.53954,0.07576,0.03544,-0.02421,0.20966,0.76212,7.4,LANE_FOLLOW
13.44,7.64283,-0.03229,-0.48184,8.13803,-0.28741,0.53675,0.07576,0.03507,-0.02396,0.21462,0.76212,7.4,LANE_FOLLOW
13.46,7.65655,-0.03946,-0.48159,8.13803,-0.28741,0.53473,0.07576,0.0347,-0.0237,0.21863,0.76212,7.4,LANE_FOLLOW
13.48,7.67025,-0.04662,-0.48133,8.13803,-0.28741,0.53326,0.07576,0.03433,-0.02344,0.22186,0.76212,7.4,LANE_FOLLOW
13.5,7.68393,-0.05377,-0.48107,8.18541,-0.30344,0.53018,0.10058,0.03402,-0.0282,0.22887,0.74971,7.4,LANE_FOLLOW
13.52,7.69756,-0.06088,-0.48028,8.18541,-0.30344,0.52768,0.10058,0.03359,-0.02741,0.23458,0.74971,7.4,LANE_FOLLOW
13.54,7.71116,-0.06797,-0.47948,8.18541,-0.30344,0.52584,0.10058,0.03317,-0.02662,0.23925,0.74971,7.4,LANE_FOLLOW
13.56,7.72473,-0.07502,-0.47868,8.23311,-0.3185,0.52273,0.12853,0.03286,-0.03211,0.24718,0.73573,7.4,LANE_FOLLOW
13.58,7.73824,-0.08204,-0.47738,8.23311,-0.3185,0.52015,0.12853,0.03237,-0.03082,0.25369,0.73573,7.4,LANE_FOLLOW
13.6,7.75171,-0.089,-0.47607,8.23311,-0.3185,0.51822,0.12853,0.0319,-0.0295,0.25906,0.73573,7.4,LANE_FOLLOW
13.62,7.76514,-0.09593,-0.47474,8.28113,-0.33251,0.51531,0.15748,0.03161,-0.03627,0.26733,0.72126,7.4,LANE_FOLLOW
13.64,7.77851,-0.1028,-0.47296,8.28113,-0.33251,0.51283,0.15748,0.03107,-0.03449,0.27416,0.72126,7.4,LANE_FOLLOW
13.66,7.79183,-0.10961,-0.47117,8.28113,-0.33251,0.51095,0.15748,0.03055,-0.03269,0.27985,0.72126,7.4,LANE_FOLLOW
13.68,7.8051,-0.11638,-0.46935,8.32946,-0.34539,0.50838,0.18242,0.03028,-0.0399,0.28815,0.70879,7.4,LANE_FOLLOW
13.7,7.81831,-0.12308,-0.46712,8.32946,-0.34539,0.50618,0.18242,0.02969,-0.03767,0.29505,0.70879,7.4,LANE_FOLLOW
13.72,7.83147,-0.12971,-0.46486,8.32946,-0.34539,0.50448,0.18242,0.02914,-0.03541,0.30086,0.70879,7.4,LANE_FOLLOW
13.74,7.84459,-0.13629,-0.46259,8.32946,-0.34539,0.50316,0.18242,0.02862,-0.03314,0.3058,0.70879,7.4,LANE_FOLLOW
13.76,7.85767,-0.14281,-0.46029,8.3781,-0.35707,0.50135,0.20727,0.02829,-0.0412,0.31342,0.69636,7.4,LANE_FOLLOW
13.78,7.87069,-0.14927,-0.45759,8.32946,-0.34539,0.49969,0.20727,0.02769,-0.0385,0.31632,0.69636,7.4,LANE_FOLLOW
13.8,7.88366,-0.15566,-0.45526,8.32946,-0.34539,0.49838,0.20727,0.02714,-0.03617,0.31898,0.69636,7.4,LANE_FOLLOW
13.82,7.89659,-0.16199,-0.45291,8.3781,-0.35707,0.49695,0.23463,0.02687,-0.04554,0.32529,0.68268,7.4,LANE_FOLLOW
13.84,7.90946,-0.16825,-0.4501,8.3781,-0.35707,0.49551,0.23463,0.02622,-0.04274,0.33072,0.68268,7.4,LANE_FOLLOW
13.86,7.92227,-0.17444,-0.44727,8.3781,-0.35707,0.49435,0.23463,0.02561,-0.03991,0.33546,0.68268,7.4,LANE_FOLLOW
13.88,7.93505,-0.18057,-0.44441,8.3781,-0.35707,0.49339,0.23463,0.02505,-0.03705,0.33966,0.68268,7.4,LANE_FOLLOW
13.9,7.94778,-0.18663,-0.44151,8.42702,-0.36747,0.4926,0.26352,0.02471,-0.04728,0.34699,0.66824,7.4,LANE_FOLLOW
13.92,7.96045,-0.19262,-0.43821,8.42702,-0.36747,0.49159,0.26352,0.02405,-0.04398,0.35331,0.66824,7.4,LANE_FOLLOW
13.94,7.97308,-0.19854,-0.43487,8.42702,-0.36747,0.49073,0.26352,0.02344,-0.04064,0.35884,0.66824,7.4,LANE_FOLLOW
13.96,7.98566,-0.20438,-0.4315,8.47621,-0.37653,0.48999,0.29566,0.02321,-0.052,0.36682,0.65217,7.4,LANE_FOLLOW
13.98,7.99817,-0.21014,-0.42777,8.47621,-0.37653,0.48896,0.29566,0.02249,-0.04827,0.37371,0.65217,7.4,LANE_FOLLOW
14.0,8.01063,-0.21582,-0.42401,8.47621,-0.37653,0.48807,0.29566,0.02183,-0.04452,0.37973,0.65217,7.4,LANE_FOLLOW
14.02,8.02304,-0.22142,-0.42022,8.47621,-0.37653,0.48729,0.29566,0.02122,-0.04072,0.38509,0.65217,7.4,LANE_FOLLOW
14.04,8.03541,-0.22695,-0.41639,8.52564,-0.38418,0.4866,0.32683,0.02096,-0.05345,0.39266,0.63658,7.4,LANE_FOLLOW
14.06,8.04771,-0.23239,-0.41224,8.52564,-0.38418,0.48563,0.32683,0.02024,-0.0493,0.39927,0.63658,7.4,LANE_FOLLOW
14.08,8.05995,-0.23775,-0.40807,8.52564,-0.38418,0.48478,0.32683,0.01958,-0.04513,0.40514,0.63658,7.4,LANE_FOLLOW
14.1,8.07215,-0.24302,-0.40386,8.52564,-0.38418,0.48402,0.32683,0.01898,-0.04091,0.41043,0.63658,7.4,LANE_FOLLOW
14.12,8.08432,-0.24822,-0.3996,8.57528,-0.39037,0.48336,0.35327,0.01869,-0.05421,0.41762,0.62337,7.4,LANE_FOLLOW
14.14,8.09642,-0.25333,-0.39508,8.57528,-0.39037,0.48247,0.35327,0.01798,-0.04969,0.42398,0.62337,7.4,LANE_FOLLOW
14.16,8.10847,-0.25835,-0.39052,8.57528,-0.39037,0.48168,0.35327,0.01733,-0.04513,0.42971,0.62337,7.4,LANE_FOLLOW
14.18,8.12048,-0.2633,-0.38592,8.62508,-0.39506,0.48098,0.38044,0.01721,-0.05956,0.43683,0.60978,7.4,LANE_FOLLOW
14.2,8.13243,-0.26815,-0.3811,8.62508,-0.39506,0.48005,0.38044,0.01644,-0.05473,0.44316,0.60978,7.4,LANE_FOLLOW
14.22,8.14432,-0.27292,-0.37624,8.62508,-0.39506,0.47923,0.38044,0.01574,-0.04988,0.44888,0.60978,7.4,LANE_FOLLOW
14.24,8.15617,-0.2776,-0.37135,8.62508,-0.39506,0.4785,0.38044,0.01511,-0.04499,0.45414,0.60978,7.4,LANE_FOLLOW
14.26,8.16798,-0.2822,-0.36642,8.675,-0.3982,0.47786,0.41,0.01501,-0.06057,0.46053,0.595,7.4,LANE_FOLLOW
14.28,8.17973,-0.28671,-0.36131,8.675,-0.3982,0.47695,0.41,0.01425,-0.05546,0.46632,0.595,7.4,LANE_FOLLOW
14.3,8.19143,-0.29113,-0.35616,8.675,-0.3982,0.47614,0.41,0.01356,-0.05031,0.47165,0.595,7.4,LANE_FOLLOW
14.32,8.20308,-0.29546,-0.35098,8.675,-0.3982,0.47543,0.41,0.01293,-0.04513,0.47662,0.595,7.4,LANE_FOLLOW
14.34,8.2147,-0.29972,-0.34575,8.72499,-0.39978,0.4748,0.43934,0.01288,-0.06189,0.48242,0.58033,7.4,LANE_FOLLOW
14.36,8.22625,-0.30388,-0.3404,8.72499,-0.39978,0.4739,0.43934,0.01212,-0.05653,0.48775,0.58033,7.4,LANE_FOLLOW
14.38,8.23775,-0.30795,-0.335,8.72499,-0.39978,0.47311,0.43934,0.01143,-0.05114,0.49275,0.58033,7.4,LANE_FOLLOW
14.4,8.24921,-0.31194,-0.32957,8.72499,-0.39978,0.47241,0.43934,0.01081,-0.04571,0.49749,0.58033,7.4,LANE_FOLLOW
14.42,8.26063,-0.31585,-0.3241,8.77501,-0.39978,0.47179,0.4681,0.01083,-0.06366,0.50271,0.56595,7.4,LANE_FOLLOW
14.44,8.27198,-0.31966,-0.31854,8.77501,-0.39978,0.47091,0.4681,0.01006,-0.0581,0.5076,0.56595,7.4,LANE_FOLLOW
14.46,8.28329,-0.32339,-0.31294,8.77501,-0.39978,0.47013,0.4681,0.00937,-0.0525,0.51227,0.56595,7.4,LANE_FOLLOW
14.48,8.29455,-0.32703,-0.30731,8.77501,-0.39978,0.46944,0.4681,0.00875,-0.04687,0.51677,0.56595,7.4,LANE_FOLLOW
14.5,8.30577,-0.33059,-0.30164,8.77501,-0.39978,0.46884,0.4681,0.0082,-0.0412,0.52117,0.56595,7.4,LANE_FOLLOW
14.52,8.31696,-0.33408,-0.29592,8.825,-0.3982,0.4683,0.49591,0.00809,-0.0603,0.52566,0.55205,7.4,LANE_FOLLOW
14.54,8.3281,-0.33747,-0.29015,8.825,-0.3982,0.4675,0.49591,0.00739,-0.05453,0.53001,0.55205,7.4,LANE_FOLLOW
14.56,8.33918,-0.34078,-0.28434,8.825,-0.3982,0.4668,0.49591,0.00676,-0.04873,0.53428,0.55205,7.4,LANE_FOLLOW
14.58,8.35023,-0.34401,-0.2785,8.825,-0.3982,0.46618,0.49591,0.0062,-0.04288,0.53851,0.55205,7.4,LANE_FOLLOW
14.6,8.36124,-0.34716,-0.27261,8.87492,-0.39506,0.46563,0.52233,0.00619,-0.06315,0.54245,0.53884,7.4,LANE_FOLLOW
14.62,8.37219,-0.35022,-0.26672,8.87492,-0.39506,0.46483,0.52233,0.00547,-0.05725,0.54637,0.53884,7.4,LANE_FOLLOW
14.64,8.3831,-0.3532,-0.26079,8.87492,-0.39506,0.46413,0.52233,0.00483,-0.05132,0.5503,0.53884,7.4,LANE_FOLLOW
14.66,8.39396,-0.3561,-0.25483,8.87492,-0.39506,0.46351,0.52233,0.00425,-0.04536,0.55426,0.53884,7.4,LANE_FOLLOW
14.68,8.40478,-0.35892,-0.24882,8.92472,-0.39038,0.46296,0.54688,0.00439,-0.06674,0.55757,0.52656,7.4,LANE_FOLLOW
14.7,8.41555,-0.36165,-0.24285,8.92472,-0.39038,0.46219,0.54688,0.00364,-0.06076,0.56099,0.52656,7.4,LANE_FOLLOW
14.72,8.42627,-0.36431,-0.23684,8.92472,-0.39038,0.46151,0.54688,0.00297,-0.05475,0.56452,0.52656,7.4,LANE_FOLLOW
14.74,8.43694,-0.36688,-0.2308,8.92472,-0.39038,0.46091,0.54688,0.00237,-0.04871,0.56816,0.52656,7.4,LANE_FOLLOW
14.76,8.44758,-0.36938,-0.22471,8.92472,-0.39038,0.46038,0.54688,0.00184,-0.04263,0.57191,0.52656,7.4,LANE_FOLLOW
14.78,8.45819,-0.37181,-0.21859,8.97436,-0.38419,0.45991,0.56909,0.00191,-0.065,0.57456,0.51545,7.4,LANE_FOLLOW
14.8,8.46875,-0.37415,-0.21253,8.97436,-0.38419,0.45924,0.56909,0.0012,-0.05894,0.57746,0.51545,7.4,LANE_FOLLOW
14.82,8.47926,-0.37642,-0.20643,8.97436,-0.38419,0.45865,0.56909,0.00057,-0.05285,0.58059,0.51545,7.4,LANE_FOLLOW
14.84,8.48973,-0.37862,-0.2003,8.97436,-0.38419,0.45812,0.56909,1e-05,-0.04672,0.58393,0.51545,7.4,LANE_FOLLOW
14.86,8.50018,-0.38074,-0.19413,8.97436,-0.38419,0.45766,0.56909,-0.00049,-0.04055,0.58745,0.51545,7.4,LANE_FOLLOW
14.88,8.51059,-0.38278,-0.18791,9.02379,-0.37655,0.45725,0.58848,-0.00048,-0.0638,0.58941,0.50576,7.4,LANE_FOLLOW
14.9,8.52096,-0.38476,-0.18179,9.02379,-0.37655,0.45666,0.58848,-0.00115,-0.05769,0.59177,0.50576,7.4,LANE_FOLLOW
14.92,8.5313,-0.38666,-0.17564,9.02379,-0.37655,0.45614,0.58848,-0.00176,-0.05154,0.59448,0.50576,7.4,LANE_FOLLOW
14.94,8.54159,-0.38848,-0.16945,9.02379,-0.37655,0.45569,0.58848,-0.0023,-0.04535,0.59748,0.50576,7.4,LANE_FOLLOW
14.96,8.55186,-0.39024,-0.16322,9.07298,-0.3675,0.45528,0.60458,-0.00206,-0.0694,0.59867,0.49771,7.4,LANE_FOLLOW
14.98,8.56209,-0.39192,-0.15712,9.07298,-0.3675,0.45474,0.60458,-0.00278,-0.0633,0.6004,0.49771,7.4,LANE_FOLLOW
15.0,8.57228,-0.39354,-0.15098,9.07298,-0.3675,0.45425,0.60458,-0.00343,-0.05716,0.60258,0.49771,7.4,LANE_FOLLOW
15.02,8.58243,-0.39508,-0.1448,9.07298,-0.3675,0.45383,0.60458,-0.00402,-0.05098,0.60515,0.49771,7.4,LANE_FOLLOW
15.04,8.59256,-0.39656,-0.13858,9.07298,-0.3675,0.45345,0.60458,-0.00454,-0.04477,0.60804,0.49771,7.4,LANE_FOLLOW
15.06,8.60267,-0.39797,-0.13232,9.12191,-0.3571,0.45312,0.61702,-0.00431,-0.06941,0.60867,0.49149,7.4,LANE_FOLLOW
15.08,8.61274,-0.39931,-0.12621,9.12191,-0.3571,0.45268,0.61702,-0.00502,-0.06331,0.60995,0.49149,7.4,LANE_FOLLOW
15.1,8.62278,-0.40058,-0.12006,9.12191,-0.3571,0.4523,0.61702,-0.00566,-0.05716,0.61178,0.49149,7.4,LANE_FOLLOW
15.12,8.63279,-0.40179,-0.11388,9.12191,-0.3571,0.45196,0.61702,-0.00624,-0.05098,0.61406,0.49149,7.4,LANE_FOLLOW
15.14,8.64278,-0.40293,-0.10765,9.12191,-0.3571,0.45165,0.61702,-0.00675,-0.04474,0.61673,0.49149,7.4,LANE_FOLLOW
15.16,8.65275,-0.40401,-0.10136,9.17055,-0.34542,0.45139,0.62545,-0.00651,-0.0698,0.61672,0.48727,7.4,LANE_FOLLOW
15.18,8.66269,-0.40502,-0.09527,9.17055,-0.34542,0.45106,0.62545,-0.00721,-0.06371,0.61749,0.48727,7.4,LANE_FOLLOW
15.2,8.67262,-0.40597,-0.08913,9.17055,-0.34542,0.45076,0.62545,-0.00784,-0.05757,0.6189,0.48727,7.4,LANE_FOLLOW
15.22,8.68252,-0.40686,-0.08295,9.17055,-0.34542,0.4505,0.62545,-0.00841,-0.05139,0.62084,0.48727,7.4,LANE_FOLLOW
15.24,8.6924,-0.40768,-0.07672,9.17055,-0.34542,0.45027,0.62545,-0.00892,-0.04516,0.62324,0.48727,7.4,LANE_FOLLOW
15.26,8.70227,-0.40844,-0.07044,9.17055,-0.34542,0.45007,0.62967,-0.00866,-0.07042,0.62603,0.48516,7.4,LANE_FOLLOW
15.28,8.71212,-0.40913,-0.0641,9.17055,-0.34542,0.45,0.62967,-0.00935,-0.06409,0.62915,0.48516,7.4,LANE_FOLLOW
15.3,8.72195,-0.40976,-0.05771,9.17055,-0.34542,0.45,0.62967,-0.00998,-0.05769,0.63257,0.48516,7.4,LANE_FOLLOW
15.32,8.73177,-0.41033,-0.05126,9.17055,-0.34542,0.45,0.62967,-0.01055,-0.05124,0.63626,0.48516,7.4,LANE_FOLLOW
15.34,8.74158,-0.41083,-0.04474,9.17055,-0.34542,0.45,0.62967,-0.01105,-0.04473,0.64019,0.48516,7.4,LANE_FOLLOW
15.36,8.75138,-0.41127,-0.03816,9.21888,-0.33253,0.45,0.62956,-0.01074,-0.06969,0.63963,0.48522,7.4,LANE_FOLLOW
15.38,8.76116,-0.41165,-0.03187,9.21888,-0.33253,0.45,0.62956,-0.01142,-0.0634,0.64007,0.48522,7.4,LANE_FOLLOW
15.4,8.77094,-0.41196,-0.02552,9.21888,-0.33253,0.45,0.62956,-0.01204,-0.05705,0.64133,0.48522,7.4,LANE_FOLLOW
15.42,8.78072,-0.41221,-0.01911,9.21888,-0.33253,0.45,0.62956,-0.0126,-0.05064,0.64328,0.48522,7.4,LANE_FOLLOW
15.44,8.79048,-0.41239,-0.01263,9.21888,-0.33253,0.45,0.62956,-0.01309,-0.04416,0.64582,0.48522,7.4,LANE_FOLLOW
15.46,8.80024,-0.41252,-0.00608,9.21888,-0.33253,0.45,0.62956,-0.01352,-0.03761,0.64885,0.48522,7.4,LANE_FOLLOW
15.48,8.80999,-0.41258,0.00054,9.26689,-0.31851,0.45,0.62513,-0.0134,-0.06231,0.64688,0.48744,7.4,LANE_FOLLOW
15.5,8.81974,-0.41257,0.00683,9.26689,-0.31851,0.45,0.62513,-0.01401,-0.05603,0.6462,0.48744,7.4,LANE_FOLLOW
15.52,8.8295,-0.4125,0.01318,9.26689,-0.31851,0.45,0.62513,-0.01455,-0.04967,0.64659,0.48744,7.4,LANE_FOLLOW
15.54,8.83925,-0.41238,0.01961,9.26689,-0.31851,0.45,0.62513,-0.01504,-0.04325,0.64785,0.48744,7.4,LANE_FOLLOW
15.56,8.849,-0.41218,0.02611,9.26689,-0.31851,0.45,0.62513,-0.01546,-0.03675,0.64986,0.48744,7.4,LANE_FOLLOW
15.58,8.85874,-0.41193,0.03268,9.36197,-0.2874,0.45059,0.6165,-0.01528,-0.06106,0.64215,0.49175,7.4,LANE_FOLLOW
15.6,8.8685,-0.41161,0.03855,9.36197,-0.2874,0.45128,0.6165,-0.01587,-0.05519,0.63672,0.49175,7.4,LANE_FOLLOW
15.62,8.87826,-0.41123,0.04448,9.36197,-0.2874,0.45178,0.6165,-0.01641,-0.04926,0.63316,0.49175,7.4,LANE_FOLLOW
15.64,8.88803,-0.4108,0.05047,9.36197,-0.2874,0.45215,0.6165,-0.01689,-0.04327,0.6311,0.49175,7.4,LANE_FOLLOW
15.66,8.8978,-0.41031,0.05653,9.36197,-0.2874,0.45242,0.6165,-0.01732,-0.03721,0.63028,0.49175,7.4,LANE_FOLLOW
15.68,8.90757,-0.40975,0.06266,9.40903,-0.27046,0.45375,0.60392,-0.0171,-0.06134,0.6256,0.49804,7.4,LANE_FOLLOW
15.7,8.91737,-0.40914,0.06849,9.40903,-0.27046,0.45484,0.60392,-0.0177,-0.05551,0.6226,0.49804,7.4,LANE_FOLLOW
15.72,8.92717,-0.40847,0.07439,9.40903,-0.27046,0.45565,0.60392,-0.01825,-0.04961,0.62096,0.49804,7.4,LANE_FOLLOW
15.74,8.93699,-0.40773,0.08035,9.40903,-0.27046,0.45624,0.60392,-0.01874,-0.04364,0.62045,0.49804,7.4,LANE_FOLLOW
15.76,8.94681,-0.40694,0.08639,9.40903,-0.27046,0.45668,0.60392,-0.01917,-0.03761,0.62085,0.49804,7.4,LANE_FOLLOW
15.78,8.95664,-0.40609,0.09249,9.45579,-0.2527,0.45848,0.58771,-0.01893,-0.06094,0.61687,0.50614,7.4,LANE_FOLLOW
15.8,8.9665,-0.40518,0.09829,9.45579,-0.2527,0.45995,0.58771,-0.01954,-0.05515,0.61442,0.50614,7.4,LANE_FOLLOW
15.82,8.97638,-0.4042,0.10415,9.45579,-0.2527,0.46103,0.58771,-0.02008,-0.04929,0.61322,0.50614,7.4,LANE_FOLLOW
15.84,8.98627,-0.40317,0.11009,9.45579,-0.2527,0.46183,0.58771,-0.02057,-0.04335,0.61304,0.50614,7.4,LANE_FOLLOW
15.86,8.99618,-0.40207,0.1161,9.45579,-0.2527,0.46244,0.58771,-0.02101,-0.03734,0.61371,0.50614,7.4,LANE_FOLLOW
15.88,9.0061,-0.40092,0.12218,9.50226,-0.23418,0.46454,0.56952,-0.02077,-0.05972,0.60968,0.51524,7.4,LANE_FOLLOW
15.9,9.01605,-0.3997,0.12793,9.50226,-0.23418,0.46626,0.56952,-0.02136,-0.05397,0.60719,0.51524,7.4,LANE_FOLLOW
15.92,9.02603,-0.39841,0.13376,9.50226,-0.23418,0.46753,0.56952,-0.02191,-0.04814,0.60595,0.51524,7.4,LANE_FOLLOW
15.94,9.03603,-0.39707,0.13966,9.50226,-0.23418,0.46848,0.56952,-0.02239,-0.04224,0.60573,0.51524,7.4,LANE_FOLLOW
15.96,9.04604,-0.39566,0.14564,9.50226,-0.23418,0.46919,0.56952,-0.02282,-0.03626,0.60637,0.51524,7.4,LANE_FOLLOW
15.98,9.05607,-0.39419,0.15169,9.54845,-0.21499,0.47157,0.54925,-0.02259,-0.0578,0.60207,0.52537,7.4,LANE_FOLLOW
16.0,9.06613,-0.39265,0.15739,9.54845,-0.21499,0.47351,0.54925,-0.02317,-0.0521,0.59935,0.52537,7.4,LANE_FOLLOW
16.02,9.07622,-0.39105,0.16317,9.54845,-0.21499,0.47495,0.54925,-0.02371,-0.04632,0.59792,0.52537,7.4,LANE_FOLLOW
16.04,9.08634,-0.38938,0.16903,9.54845,-0.21499,0.47602,0.54925,-0.02418,-0.04046,0.59756,0.52537,7.4,LANE_FOLLOW
16.06,9.09647,-0.38765,0.17496,9.54845,-0.21499,0.47684,0.54925,-0.0246,-0.03452,0.59807,0.52537,7.4,LANE_FOLLOW
16.08,9.10662,-0.38586,0.18098,9.59437,-0.19516,0.4797,0.52443,-0.02439,-0.05476,0.59345,0.53778,7.4,LANE_FOLLOW
16.1,9.11681,-0.38399,0.18662,9.59437,-0.19516,0.48204,0.52443,-0.02496,-0.04912,0.59047,0.53778,7.4,LANE_FOLLOW
16.12,9.12704,-0.38206,0.19235,9.59437,-0.19516,0.48378,0.52443,-0.02547,-0.04339,0.58884,0.53778,7.4,LANE_FOLLOW
16.14,9.1373,-0.38007,0.19816,9.59437,-0.19516,0.48508,0.52443,-0.02593,-0.03758,0.5883,0.53778,7.4,LANE_FOLLOW
16.16,9.14757,-0.378,0.20405,9.59437,-0.19516,0.48606,0.52443,-0.02632,-0.03169,0.58867,0.53778,7.4,LANE_FOLLOW
16.18,9.15787,-0.37587,0.21002,9.64006,-0.1748,0.48932,0.49659,-0.02616,-0.05055,0.5837,0.55171,7.4,LANE_FOLLOW
16.2,9.16822,-0.37367,0.2156,9.64006,-0.1748,0.49199,0.49659,-0.0267,-0.04498,0.58044,0.55171,7.4,LANE_FOLLOW
16.22,9.1786,-0.37139,0.22126,9.64006,-0.1748,0.49397,0.49659,-0.02717,-0.03931,0.57858,0.55171,7.4,LANE_FOLLOW
16.24,9.18902,-0.36905,0.22701,9.64006,-0.1748,0.49545,0.49659,-0.02759,-0.03356,0.57786,0.55171,7.4,LANE_FOLLOW
16.26,9.19947,-0.36664,0.23285,9.64006,-0.1748,0.49658,0.49659,-0.02795,-0.02773,0.57808,0.55171,7.4,LANE_FOLLOW
16.28,9.20993,-0.36415,0.23877,9.68554,-0.15397,0.49999,0.46828,-0.02785,-0.04524,0.57276,0.56586,7.4,LANE_FOLLOW
16.3,9.22045,-0.36159,0.24427,9.73082,-0.13272,0.50278,0.46828,-0.02834,-0.03974,0.56391,0.56586,7.4,LANE_FOLLOW
16.32,9.23101,-0.35896,0.24941,9.73082,-0.13272,0.50485,0.46828,-0.02877,-0.0346,0.55744,0.56586,7.4,LANE_FOLLOW
16.34,9.2416,-0.35626,0.25462,9.73082,-0.13272,0.50641,0.46828,-0.02915,-0.02939,0.55291,0.56586,7.4,LANE_FOLLOW
16.36,9.25223,-0.3535,0.25991,9.77595,-0.11114,0.51019,0.43943,-0.02894,-0.04609,0.54493,0.58028,7.4,LANE_FOLLOW
16.38,9.26291,-0.35066,0.26486,9.77595,-0.11114,0.51325,0.43943,-0.02945,-0.04114,0.53913,0.58028,7.4,LANE_FOLLOW
16.4,9.27363,-0.34775,0.26989,9.77595,-0.11114,0.51554,0.43943,-0.02991,-0.03611,0.53508,0.58028,7.4,LANE_FOLLOW
16.42,9.2844,-0.34477,0.275,9.77595,-0.11114,0.51725,0.43943,-0.03031,-0.031,0.53246,0.58028,7.4,LANE_FOLLOW
16.44,9.29521,-0.34172,0.28019,9.77595,-0.11114,0.51856,0.43943,-0.03066,-0.02581,0.53101,0.58028,7.4,LANE_FOLLOW
16.46,9.30604,-0.3386,0.28545,9.82093,-0.08925,0.52221,0.41001,-0.03056,-0.04106,0.52528,0.595,7.4,LANE_FOLLOW
16.48,9.31692,-0.33541,0.29034,9.82093,-0.08925,0.5252,0.41001,-0.03102,-0.03617,0.52127,0.595,7.4,LANE_FOLLOW
16.5,9.32786,-0.33214,0.29532,9.82093,-0.08925,0.52743,0.41001,-0.03144,-0.03119,0.51867,0.595,7.4,LANE_FOLLOW
16.52,9.33883,-0.32881,0.30037,9.82093,-0.08925,0.5291,0.41001,-0.03179,-0.02614,0.5172,0.595,7.4,LANE_FOLLOW
16.54,9.34983,-0.3254,0.3055,9.86579,-0.06713,0.53305,0.38034,-0.03164,-0.04003,0.51148,0.60983,7.4,LANE_FOLLOW
16.56,9.36089,-0.32191,0.31026,9.86579,-0.06713,0.53626,0.38034,-0.0321,-0.03528,0.50745,0.60983,7.4,LANE_FOLLOW
16.58,9.372,-0.31835,0.31509,9.86579,-0.06713,0.53865,0.38034,-0.03251,-0.03045,0.50481,0.60983,7.4,LANE_FOLLOW
16.6,9.38315,-0.31471,0.32,9.86579,-0.06713,0.54045,0.38034,-0.03287,-0.02553,0.5033,0.60983,7.4,LANE_FOLLOW
16.62,9.39434,-0.311,0.32499,9.86579,-0.06713,0.54182,0.38034,-0.03317,-0.02054,0.50271,0.60983,7.4,LANE_FOLLOW
16.64,9.40555,-0.30723,0.33006,9.91057,-0.04485,0.54555,0.35072,-0.03313,-0.03301,0.49744,0.62464,7.4,LANE_FOLLOW
16.66,9.41682,-0.30337,0.33472,9.91057,-0.04485,0.5486,0.35072,-0.03353,-0.02836,0.49378,0.62464,7.4,LANE_FOLLOW
16.68,9.42814,-0.29943,0.33946,9.9553,-0.02245,0.55087,0.35072,-0.03387,-0.02362,0.48654,0.62464,7.4,LANE_FOLLOW
16.7,9.43949,-0.29542,0.34381,9.9553,-0.02245,0.55259,0.35072,-0.03415,-0.01926,0.48124,0.62464,7.4,LANE_FOLLOW
16.72,9.45088,-0.29134,0.34824,10.0,-0.0,0.55651,0.3217,-0.03409,-0.03091,0.47309,0.63915,7.4,LANE_FOLLOW
16.74,9.46232,-0.28719,0.35232,10.0,-0.0,0.5597,0.3217,-0.03446,-0.02683,0.46702,0.63915,7.4,LANE_FOLLOW
16.76,9.47381,-0.28296,0.35647,10.0,-0.0,0.56207,0.3217,-0.03479,-0.02268,0.46262,0.63915,7.4,LANE_FOLLOW
16.78,9.48535,-0.27867,0.36068,10.0,-0.0,0.56387,0.3217,-0.03507,-0.01846,0.45958,0.63915,7.4,LANE_FOLLOW
16.8,9.49692,-0.27431,0.36496,10.0,-0.0,0.56758,0.29568,-0.035,-0.02887,0.45765,0.65216,7.4,LANE_FOLLOW
16.82,9.50854,-0.26986,0.36932,10.0,-0.0,0.57059,0.29568,-0.03536,-0.02452,0.45662,0.65216,7.4,LANE_FOLLOW
16.84,9.52021,-0.26535,0.37375,10.0,-0.0,0.57284,0.29568,-0.03567,-0.02008,0.45634,0.65216,7.4,LANE_FOLLOW
16.86,9.53192,-0.26075,0.37825,10.0,-0.0,0.57454,0.29568,-0.03592,-0.01558,0.45667,0.65216,7.4,LANE_FOLLOW
16.88,9.54366,-0.25609,0.38283,10.0,-0.0,0.57632,0.26899,-0.03584,-0.02472,0.45753,0.66551,7.4,LANE_FOLLOW
16.9,9.55545,-0.25134,0.3875,10.0,-0.0,0.57712,0.26899,-0.03615,-0.02005,0.45882,0.66551,7.4,LANE_FOLLOW
16.92,9.56729,-0.24651,0.39225,10.0,-0.0,0.57782,0.26899,-0.03641,-0.0153,0.4605,0.66551,7.4,LANE_FOLLOW
16.94,9.57916,-0.2416,0.39709,10.0,-0.0,0.57844,0.26899,-0.03661,-0.01046,0.46252,0.66551,7.4,LANE_FOLLOW
16.96,9.59105,-0.23661,0.40202,10.0,-0.0,0.57899,0.23713,-0.03651,-0.01723,0.46483,0.68144,7.4,LANE_FOLLOW
16.98,9.603,-0.23153,0.40705,10.0,-0.0,0.57985,0.23713,-0.03673,-0.0122,0.46742,0.68144,7.4,LANE_FOLLOW
17.0,9.615,-0.22636,0.41219,10.0,-0.0,0.58061,0.23713,-0.03689,-0.00706,0.47027,0.68144,7.4,LANE_FOLLOW
17.02,9.62702,-0.2211,0.41743,10.0,-0.0,0.58128,0.23713,-0.03699,-0.00182,0.47337,0.68144,7.4,LANE_FOLLOW
17.04,9.63908,-0.21575,0.42278,10.0,-0.0,0.58187,0.20664,-0.03683,-0.0068,0.47671,0.69668,7.4,LANE_FOLLOW
17.06,9.65118,-0.21031,0.42825,10.0,-0.0,0.58274,0.20664,-0.03692,-0.00132,0.48031,0.69668,7.4,LANE_FOLLOW
17.08,9.66333,-0.20476,0.43385,10.0,-0.0,0.58352,0.20664,-0.03693,0.00428,0.48415,0.69668,7.4,LANE_FOLLOW
17.1,9.67551,-0.19912,0.43958,10.0,-0.0,0.5842,0.20664,-0.03688,0.01001,0.48825,0.69668,7.4,LANE_FOLLOW
17.12,9.68771,-0.19339,0.44545,10.0,-0.0,0.58481,0.17986,-0.03661,0.00688,0.49263,0.71007,7.4,LANE_FOLLOW
17.14,9.69995,-0.18754,0.45147,10.0,-0.0,0.58566,0.17986,-0.03652,0.0129,0.4973,0.71007,7.4,LANE_FOLLOW
17.16,9.71222,-0.18159,0.45764,10.0,-0.0,0.5864,0.17986,-0.03634,0.01907,0.50229,0.71007,7.4,LANE_FOLLOW
17.18,9.72452,-0.17553,0.46398,10.0,-0.0,0.58706,0.15485,-0.03589,0.01773,0.50763,0.72257,7.4,LANE_FOLLOW
17.2,9.73685,-0.16936,0.4705,10.0,-0.0,0.58794,0.15485,-0.03565,0.02425,0.51335,0.72257,7.4,LANE_FOLLOW
17.22,9.74922,-0.16307,0.47722,10.0,-0.0,0.58871,0.15485,-0.03531,0.03097,0.51949,0.72257,7.4,LANE_FOLLOW
17.24,9.7616,-0.15667,0.48413,10.0,-0.0,0.5894,0.15485,-0.03488,0.03789,0.52611,0.72257,7.4,LANE_FOLLOW
17.26,9.77399,-0.15015,0.49127,10.0,-0.0,0.59,0.13015,-0.03423,0.03839,0.53325,0.73493,7.4,LANE_FOLLOW
17.28,9.78641,-0.14351,0.49865,10.0,-0.0,0.59082,0.13015,-0.03369,0.04577,0.541,0.73493,7.4,LANE_FOLLOW
17.3,9.79884,-0.13674,0.50629,10.0,-0.0,0.59155,0.13015,-0.03304,0.05341,0.54944,0.73493,7.4,LANE_FOLLOW
17.32,9.81127,-0.12985,0.51421,10.0,-0.0,0.59219,0.13015,-0.03228,0.06133,0.55867,0.73493,7.4,LANE_FOLLOW
17.34,9.8237,-0.12282,0.52245,10.0,-0.0,0.59275,0.10276,-0.03134,0.06447,0.56883,0.74862,7.4,LANE_FOLLOW
17.36,9.83614,-0.11566,0.53104,10.0,-0.0,0.59357,0.10276,-0.03042,0.07306,0.58007,0.74862,7.4,LANE_FOLLOW
17.38,9.84859,-0.10835,0.54002,10.0,-0.0,0.59429,0.10276,-0.02937,0.08205,0.59262,0.74862,7.4,LANE_FOLLOW
17.4,9.86102,-0.1009,0.54945,10.0,-0.0,0.59493,0.07538,-0.02811,0.08774,0.60674,0.76231,7.4,LANE_FOLLOW
17.42,9.87345,-0.09329,0.5594,10.0,-0.0,0.59582,0.07538,-0.02683,0.09769,0.6228,0.76231,7.4,LANE_FOLLOW
17.44,9.88588,-0.08551,0.56995,10.0,-0.0,0.5966,0.07538,-0.0254,0.10824,0.64131,0.76231,7.4,LANE_FOLLOW
17.46,9.89828,-0.07756,0.58121,10.0,-0.0,0.59729,0.07538,-0.02381,0.1195,0.66298,0.76231,7.4,LANE_FOLLOW
17.48,9.91064,-0.06944,0.59332,10.0,-0.0,0.5979,0.05031,-0.02202,0.12909,0.68882,0.77484,7.4,LANE_FOLLOW
17.5,9.92297,-0.06112,0.60649,10.0,-0.0,0.59873,0.05031,-0.0201,0.14226,0.72045,0.77484,7.4,LANE_FOLLOW
17.52,9.93525,-0.0526,0.62103,10.0,-0.0,0.59946,0.05031,-0.01798,0.1568,0.76052,0.77484,7.4,LANE_FOLLOW
17.54,9.94746,-0.04387,0.63739,10.0,-0.0,0.60011,0.02559,-0.01562,0.17187,0.80842,0.78721,7.4,LANE_FOLLOW
